id, observation_id, user_id, created_at
5, 26, 1, 2011-02-25 04:39:28 UTC
6, 20, 1, 2011-02-25 06:56:12 UTC
7, 28, 1, 2011-02-25 06:57:03 UTC
8, 11, 1, 2011-02-25 06:57:12 UTC
9, 7, 1, 2011-02-25 06:57:19 UTC
10, 3, 1, 2011-02-25 06:57:26 UTC
11, 30, 1, 2011-02-25 06:57:32 UTC
12, 9, 1, 2011-02-25 06:57:37 UTC
13, 5, 1, 2011-02-25 06:58:00 UTC
14, 4, 1, 2011-02-25 06:58:04 UTC
15, 4, 1, 2011-02-25 07:03:41 UTC
16, 21, 1, 2011-02-25 07:06:26 UTC
17, 6, 1, 2011-02-25 07:07:58 UTC
18, 3, 1, 2011-02-25 07:08:09 UTC
19, 10, 1, 2011-02-25 07:08:15 UTC
20, 5, 1, 2011-02-25 07:08:21 UTC
21, 10, 1, 2011-02-25 07:12:26 UTC
22, 7, 1, 2011-02-25 15:08:28 UTC
23, 28, 1, 2011-02-25 15:09:19 UTC
24, 28, 1, 2011-02-25 15:09:29 UTC
25, 7, 1, 2011-02-25 15:09:34 UTC
26, 16, 1, 2011-02-25 15:09:38 UTC
27, 14, 1, 2011-02-25 15:14:32 UTC
28, 15, 1, 2011-02-25 15:14:47 UTC
29, 14, 1, 2011-02-25 15:17:06 UTC
30, 19, 1, 2011-02-25 15:17:18 UTC
31, 17, 1, 2011-02-25 17:47:51 UTC
32, 10, 1, 2011-02-25 17:48:52 UTC
33, 4, 1, 2011-02-25 17:49:02 UTC
34, 11, 1, 2011-02-25 17:51:02 UTC
35, 28, 1, 2011-02-25 17:54:40 UTC
36, 27, 1, 2011-02-25 17:56:02 UTC
37, 9, 1, 2011-02-25 18:06:45 UTC
38, 15, 1, 2011-02-25 18:18:08 UTC
39, 14, 1, 2011-02-25 20:29:39 UTC
40, 18, 1, 2011-02-25 20:30:55 UTC
41, 5, 1, 2011-02-25 20:31:25 UTC
42, 9, 1, 2011-02-25 20:31:44 UTC
43, 31, 1, 2011-02-25 20:32:09 UTC
44, 3, 1, 2011-02-25 20:32:37 UTC
45, 25, 1, 2011-02-25 20:34:01 UTC
46, 6, 1, 2011-02-25 20:36:10 UTC
47, 3, 1, 2011-02-25 20:37:55 UTC
48, 20, 1, 2011-02-25 20:38:18 UTC
49, 12, 1, 2011-02-25 20:38:37 UTC
50, 23, 1, 2011-02-25 20:39:36 UTC
51, 16, 1, 2011-02-25 20:43:58 UTC
52, 26, 1, 2011-02-25 20:44:10 UTC
53, 19, 1, 2011-02-25 20:44:56 UTC
54, 27, 1, 2011-02-25 20:45:00 UTC
55, 30, 1, 2011-02-25 20:46:26 UTC
56, 12, 1, 2011-02-25 20:46:48 UTC
57, 15, 1, 2011-02-25 20:47:51 UTC
58, 25, 1, 2011-02-25 20:47:58 UTC
59, 17, 1, 2011-02-25 21:06:51 UTC
60, 6, 1, 2011-02-25 21:07:07 UTC
61, 31, 1, 2011-02-25 21:07:50 UTC
62, 24, 1, 2011-02-25 21:08:13 UTC
63, 15, 1, 2011-02-25 21:09:47 UTC
64, 9, 1, 2011-02-25 21:19:55 UTC
65, 8, 1, 2011-02-25 21:20:11 UTC
66, 15, 1, 2011-02-25 21:20:29 UTC
67, 5, 1, 2011-02-25 21:20:46 UTC
68, 7, 1, 2011-02-25 21:20:56 UTC
69, 14, 1, 2011-02-25 21:21:25 UTC
70, 5, 1, 2011-02-25 21:23:12 UTC
71, 21, 1, 2011-02-25 22:26:58 UTC
72, 31, 1, 2011-02-25 22:30:00 UTC
73, 27, 1, 2011-02-25 22:30:49 UTC
74, 26, 1, 2011-02-25 22:32:19 UTC
75, 4, 1, 2011-02-25 22:33:53 UTC
76, 24, 1, 2011-02-25 22:34:33 UTC
77, 18, 1, 2011-02-25 22:34:46 UTC
78, 4, 1, 2011-02-25 22:34:58 UTC
79, 2, 1, 2011-02-25 22:35:45 UTC
80, 28, 1, 2011-02-25 22:36:14 UTC
81, 25, 1, 2011-02-25 22:37:13 UTC
82, 9, 1, 2011-02-26 00:47:28 UTC
83, 20, 1, 2011-02-26 00:50:10 UTC
84, 19, 1, 2011-02-26 00:50:25 UTC
85, 26, 1, 2011-02-26 00:50:38 UTC
86, 21, 1, 2011-02-26 02:46:45 UTC
87, 8, 1, 2011-02-26 05:38:58 UTC
88, 10, 1, 2011-02-26 05:39:32 UTC
89, 5, 1, 2011-02-26 05:41:23 UTC
90, 25, 1, 2011-02-26 05:44:46 UTC
91, 16, 1, 2011-02-26 07:02:35 UTC
92, 16, 1, 2011-02-26 07:02:45 UTC
93, 21, 1, 2011-02-26 07:02:50 UTC
94, 4, 1, 2011-02-26 07:03:03 UTC
95, 5, 1, 2011-02-26 07:03:15 UTC
96, 4, 1, 2011-02-27 04:45:30 UTC
97, 27, 1, 2011-02-27 05:01:01 UTC
98, 23, 1, 2011-02-27 05:02:40 UTC
99, 20, 1, 2011-02-27 05:09:19 UTC
100, 29, 1, 2011-02-27 16:12:57 UTC
101, 15, 1, 2011-02-27 16:14:23 UTC
102, 12, 1, 2011-02-27 16:17:01 UTC
103, 27, 10, 2011-02-27 16:21:39 UTC
104, 16, 1, 2011-02-27 18:27:40 UTC
105, 7, 1, 2011-02-27 18:29:27 UTC
106, 26, 1, 2011-02-27 18:29:39 UTC
107, 25, 1, 2011-02-27 18:29:46 UTC
108, 23, 1, 2011-02-27 18:31:04 UTC
109, 6, 1, 2011-02-27 18:31:10 UTC
110, 6, 10, 2011-02-27 18:36:15 UTC
111, 18, 10, 2011-02-27 18:36:24 UTC
112, 31, 10, 2011-02-27 18:36:37 UTC
113, 11, 10, 2011-02-27 18:37:07 UTC
114, 5, 1, 2011-02-27 18:42:55 UTC
115, 13, 1, 2011-02-27 18:43:03 UTC
116, 21, 1, 2011-02-27 18:43:09 UTC
117, 18, 1, 2011-02-27 18:43:14 UTC
118, 8, 1, 2011-02-27 18:43:18 UTC
119, 19, 1, 2011-02-27 18:43:21 UTC
120, 29, 1, 2011-02-27 18:43:25 UTC
121, 26, 1, 2011-02-27 18:43:29 UTC
122, 28, 1, 2011-02-27 18:43:33 UTC
123, 29, 1, 2011-02-27 18:43:39 UTC
124, 30, 1, 2011-02-27 18:43:44 UTC
125, 23, 1, 2011-02-27 18:43:49 UTC
126, 29, 1, 2011-02-27 22:42:52 UTC
127, 20, 1, 2011-02-27 22:43:01 UTC
128, 13, 1, 2011-02-27 22:43:37 UTC
129, 6, 1, 2011-02-27 22:43:57 UTC
130, 17, 1, 2011-02-27 22:44:10 UTC
131, 9, 1, 2011-02-28 01:07:36 UTC
132, 2, 1, 2011-02-28 01:17:01 UTC
133, 16, 1, 2011-02-28 01:17:52 UTC
134, 29, 1, 2011-02-28 01:19:19 UTC
135, 31, 1, 2011-02-28 01:19:33 UTC
136, 8, 1, 2011-02-28 01:19:35 UTC
137, 31, 1, 2011-02-28 01:19:37 UTC
138, 24, 1, 2011-02-28 01:19:41 UTC
139, 28, 1, 2011-02-28 01:19:43 UTC
140, 9, 6, 2011-02-28 01:22:34 UTC
141, 4, 6, 2011-02-28 01:24:23 UTC
142, 29, 9, 2011-02-28 01:40:35 UTC
143, 20, 9, 2011-02-28 15:31:54 UTC
144, 17, 9, 2011-02-28 15:36:18 UTC
145, 29, 9, 2011-02-28 15:38:40 UTC
146, 9, 9, 2011-02-28 15:41:00 UTC
147, 8, 1, 2011-02-28 17:08:22 UTC
148, 4, 1, 2011-02-28 17:15:25 UTC
149, 29, 1, 2011-02-28 17:15:36 UTC
150, 28, 1, 2011-02-28 17:15:41 UTC
151, 6, 1, 2011-02-28 21:23:48 UTC
152, 24, 3, 2011-02-28 21:32:39 UTC
153, 18, 1, 2011-02-28 21:34:22 UTC
154, 12, 1, 2011-02-28 22:25:35 UTC
155, 17, 1, 2011-02-28 22:25:36 UTC
156, 25, 1, 2011-02-28 22:41:20 UTC
157, 23, 1, 2011-02-28 22:41:29 UTC
158, 18, 1, 2011-02-28 22:41:38 UTC
159, 15, 1, 2011-02-28 22:48:02 UTC
160, 23, 1, 2011-03-01 00:03:22 UTC
161, 28, 4, 2011-03-01 00:03:56 UTC
162, 13, 4, 2011-03-01 00:07:51 UTC
163, 19, 1, 2011-03-01 00:09:25 UTC
164, 30, 1, 2011-03-01 00:09:33 UTC
165, 3, 4, 2011-03-01 00:09:52 UTC
166, 14, 4, 2011-03-01 00:14:09 UTC
167, 12, 4, 2011-03-01 00:14:29 UTC
168, 31, 4, 2011-03-01 00:15:10 UTC
169, 31, 4, 2011-03-01 00:15:25 UTC
170, 14, 4, 2011-03-01 00:17:41 UTC
171, 19, 4, 2011-03-01 00:18:59 UTC
172, 25, 4, 2011-03-01 00:19:50 UTC
173, 7, 4, 2011-03-01 00:21:01 UTC
174, 14, 4, 2011-03-01 00:21:12 UTC
175, 2, 4, 2011-03-01 00:21:21 UTC
176, 11, 4, 2011-03-01 00:21:27 UTC
177, 16, 4, 2011-03-01 00:21:48 UTC
178, 4, 4, 2011-03-01 00:22:44 UTC
179, 16, 4, 2011-03-01 00:22:50 UTC
180, 10, 4, 2011-03-01 00:27:23 UTC
181, 26, 9, 2011-03-01 01:23:11 UTC
182, 5, 4, 2011-03-01 01:32:36 UTC
183, 27, 4, 2011-03-01 01:37:16 UTC
184, 8, 4, 2011-03-01 01:44:01 UTC
185, 31, 4, 2011-03-01 01:47:20 UTC
186, 10, 4, 2011-03-01 01:53:37 UTC
187, 15, 4, 2011-03-01 02:02:09 UTC
188, 8, 4, 2011-03-01 02:19:33 UTC
189, 4, 4, 2011-03-01 02:35:55 UTC
190, 28, 4, 2011-03-01 04:09:55 UTC
191, 26, 4, 2011-03-01 04:21:57 UTC
192, 18, 4, 2011-03-01 04:38:29 UTC
193, 29, 4, 2011-03-01 05:00:18 UTC
194, 4, 4, 2011-03-01 05:03:05 UTC
195, 3, 4, 2011-03-01 05:04:59 UTC
196, 27, 4, 2011-03-01 05:05:09 UTC
197, 22, 4, 2011-03-01 05:05:17 UTC
198, 14, 4, 2011-03-01 05:10:52 UTC
199, 9, 4, 2011-03-01 05:12:42 UTC
200, 25, 4, 2011-03-01 05:22:53 UTC
201, 25, 4, 2011-03-01 05:27:34 UTC
202, 28, 4, 2011-03-01 05:29:54 UTC
203, 11, 4, 2011-03-01 05:33:07 UTC
204, 30, 4, 2011-03-01 05:39:53 UTC
205, 13, 4, 2011-03-01 05:51:21 UTC
206, 19, 4, 2011-03-01 05:52:47 UTC
207, 3, 4, 2011-03-01 06:18:44 UTC
208, 24, 4, 2011-03-01 06:25:17 UTC
209, 21, 4, 2011-03-01 06:27:24 UTC
210, 8, 4, 2011-03-01 06:33:03 UTC
211, 17, 4, 2011-03-01 06:49:16 UTC
212, 16, 4, 2011-03-01 08:47:14 UTC
213, 20, 16, 2011-03-01 09:25:44 UTC
214, 8, 4, 2011-03-01 12:57:47 UTC
215, 22, 4, 2011-03-01 14:24:16 UTC
216, 24, 4, 2011-03-01 14:27:00 UTC
217, 28, 4, 2011-03-01 15:44:42 UTC
218, 27, 4, 2011-03-01 16:04:49 UTC
219, 19, 4, 2011-03-01 18:23:12 UTC
220, 22, 4, 2011-03-01 18:23:52 UTC
221, 16, 4, 2011-03-01 18:24:42 UTC
222, 10, 4, 2011-03-01 18:50:23 UTC
223, 2, 4, 2011-03-01 20:52:50 UTC
224, 7, 4, 2011-03-01 20:53:13 UTC
225, 2, 4, 2011-03-01 21:24:29 UTC
226, 11, 4, 2011-03-01 21:35:35 UTC
227, 31, 4, 2011-03-01 21:36:45 UTC
228, 15, 4, 2011-03-01 22:36:12 UTC
229, 29, 4, 2011-03-01 22:47:41 UTC
230, 23, 4, 2011-03-02 00:10:43 UTC
231, 18, 4, 2011-03-02 00:13:22 UTC
232, 11, 4, 2011-03-02 00:31:05 UTC
233, 6, 4, 2011-03-02 00:31:31 UTC
234, 29, 4, 2011-03-02 00:35:27 UTC
235, 13, 4, 2011-03-02 00:54:46 UTC
236, 16, 4, 2011-03-02 01:18:21 UTC
237, 12, 4, 2011-03-02 02:39:59 UTC
238, 2, 4, 2011-03-02 02:49:58 UTC
239, 24, 1, 2011-03-02 02:57:13 UTC
240, 26, 1, 2011-03-02 02:57:27 UTC
241, 17, 1, 2011-03-02 05:56:17 UTC
242, 22, 1, 2011-03-02 06:06:40 UTC
243, 2, 1, 2011-03-02 06:06:47 UTC
244, 2, 1, 2011-03-02 20:46:34 UTC
245, 9, 1, 2011-03-02 20:46:43 UTC
246, 15, 1, 2011-03-02 21:51:50 UTC
247, 6, 1, 2011-03-02 21:51:59 UTC
248, 28, 9, 2011-03-03 04:30:51 UTC
249, 11, 9, 2011-03-03 04:46:16 UTC
250, 26, 9, 2011-03-03 18:23:29 UTC
251, 24, 9, 2011-03-03 18:27:22 UTC
252, 23, 9, 2011-03-03 18:30:02 UTC
253, 4, 9, 2011-03-03 18:46:51 UTC
254, 10, 9, 2011-03-03 21:23:39 UTC
255, 4, 9, 2011-03-04 00:12:06 UTC
256, 18, 10, 2011-03-05 15:19:16 UTC
257, 30, 10, 2011-03-05 15:20:49 UTC
258, 10, 10, 2011-03-05 15:26:28 UTC
259, 9, 10, 2011-03-05 15:27:23 UTC
260, 5, 10, 2011-03-05 15:44:57 UTC
261, 29, 10, 2011-03-05 16:11:51 UTC
262, 21, 10, 2011-03-05 16:18:13 UTC
263, 4, 10, 2011-03-05 22:37:59 UTC
264, 3, 10, 2011-03-06 04:10:27 UTC
265, 17, 10, 2011-03-06 18:20:47 UTC
266, 24, 10, 2011-03-06 22:52:59 UTC
267, 29, 1, 2011-03-06 22:55:38 UTC
268, 11, 1, 2011-03-06 23:08:54 UTC
269, 21, 9, 2011-03-07 02:48:41 UTC
270, 24, 10, 2011-03-07 03:33:36 UTC
271, 4, 29, 2011-03-07 05:18:31 UTC
272, 30, 29, 2011-03-07 05:19:31 UTC
273, 18, 9, 2011-03-07 16:15:28 UTC
274, 4, 9, 2011-03-07 16:24:52 UTC
275, 15, 1, 2011-03-07 17:04:55 UTC
276, 22, 9, 2011-03-07 18:24:17 UTC
277, 29, 29, 2011-03-07 18:38:38 UTC
278, 22, 29, 2011-03-07 18:38:58 UTC
279, 31, 29, 2011-03-07 18:39:30 UTC
280, 11, 29, 2011-03-07 18:40:05 UTC
281, 28, 29, 2011-03-07 18:40:07 UTC
282, 22, 9, 2011-03-07 20:00:43 UTC
283, 11, 9, 2011-03-07 20:37:12 UTC
284, 29, 9, 2011-03-07 20:39:27 UTC
285, 15, 9, 2011-03-07 20:41:37 UTC
286, 6, 9, 2011-03-07 23:43:30 UTC
287, 12, 9, 2011-03-08 01:47:50 UTC
288, 31, 9, 2011-03-08 01:49:59 UTC
289, 6, 9, 2011-03-08 01:56:23 UTC
290, 19, 95, 2011-03-08 20:13:13 UTC
291, 27, 95, 2011-03-08 20:13:39 UTC
292, 29, 9, 2011-03-08 21:20:02 UTC
293, 5, 10, 2011-03-08 22:13:44 UTC
294, 2, 10, 2011-03-08 22:14:21 UTC
295, 5, 10, 2011-03-08 22:17:35 UTC
296, 28, 10, 2011-03-08 22:17:47 UTC
297, 6, 10, 2011-03-08 22:17:50 UTC
298, 7, 10, 2011-03-08 22:17:54 UTC
299, 21, 10, 2011-03-08 22:19:29 UTC
300, 12, 10, 2011-03-08 22:19:36 UTC
301, 28, 10, 2011-03-08 22:19:56 UTC
302, 13, 10, 2011-03-08 22:19:59 UTC
303, 29, 10, 2011-03-08 22:20:37 UTC
304, 10, 10, 2011-03-08 22:20:42 UTC
305, 30, 10, 2011-03-08 22:20:48 UTC
306, 28, 10, 2011-03-08 22:21:16 UTC
307, 6, 10, 2011-03-08 22:21:31 UTC
308, 11, 10, 2011-03-08 22:21:36 UTC
309, 19, 10, 2011-03-08 22:21:47 UTC
310, 11, 3, 2011-03-08 22:26:02 UTC
311, 25, 3, 2011-03-08 22:35:10 UTC
312, 16, 3, 2011-03-08 22:35:17 UTC
313, 31, 3, 2011-03-08 22:35:25 UTC
314, 7, 9, 2011-03-08 23:47:50 UTC
315, 27, 9, 2011-03-08 23:50:02 UTC
316, 5, 9, 2011-03-08 23:52:35 UTC
317, 24, 9, 2011-03-08 23:52:44 UTC
318, 12, 9, 2011-03-08 23:53:00 UTC
319, 7, 9, 2011-03-08 23:53:32 UTC
320, 23, 9, 2011-03-08 23:54:10 UTC
321, 16, 9, 2011-03-08 23:54:52 UTC
322, 23, 1, 2011-03-09 07:23:03 UTC
323, 25, 95, 2011-03-10 00:01:04 UTC
324, 31, 95, 2011-03-10 00:13:08 UTC
325, 19, 95, 2011-03-10 00:13:20 UTC
326, 10, 95, 2011-03-10 00:13:29 UTC
327, 22, 95, 2011-03-10 00:13:37 UTC
328, 14, 95, 2011-03-10 00:13:48 UTC
329, 31, 95, 2011-03-10 00:13:51 UTC
330, 25, 95, 2011-03-10 00:13:52 UTC
331, 15, 95, 2011-03-10 00:56:14 UTC
332, 9, 95, 2011-03-10 00:56:39 UTC
333, 24, 95, 2011-03-10 00:56:40 UTC
334, 28, 95, 2011-03-10 00:56:44 UTC
335, 25, 95, 2011-03-10 00:56:46 UTC
336, 18, 95, 2011-03-10 00:56:51 UTC
337, 11, 95, 2011-03-10 00:56:52 UTC
338, 27, 95, 2011-03-10 00:56:53 UTC
339, 21, 95, 2011-03-10 00:56:55 UTC
340, 3, 95, 2011-03-10 00:56:57 UTC
341, 3, 95, 2011-03-10 00:56:58 UTC
342, 7, 95, 2011-03-10 00:57:00 UTC
343, 20, 95, 2011-03-10 00:58:12 UTC
344, 25, 95, 2011-03-10 03:09:05 UTC
345, 3, 1, 2011-03-10 03:49:21 UTC
346, 13, 10, 2011-03-10 07:18:04 UTC
347, 20, 26, 2011-03-10 07:24:02 UTC
348, 24, 26, 2011-03-10 07:26:07 UTC
349, 30, 26, 2011-03-10 07:26:18 UTC
350, 15, 26, 2011-03-10 07:27:55 UTC
351, 11, 1, 2011-03-10 07:49:47 UTC
352, 15, 1, 2011-03-10 07:50:17 UTC
353, 29, 1, 2011-03-10 07:52:08 UTC
354, 3, 10, 2011-03-10 07:52:55 UTC
355, 21, 10, 2011-03-10 08:24:04 UTC
356, 31, 1, 2011-03-10 15:06:48 UTC
357, 26, 10, 2011-03-10 16:26:14 UTC
358, 27, 10, 2011-03-10 16:27:33 UTC
359, 2, 10, 2011-03-10 16:28:58 UTC
360, 24, 29, 2011-03-10 18:36:29 UTC
361, 24, 9, 2011-03-10 18:53:56 UTC
362, 19, 1, 2011-03-10 18:59:22 UTC
363, 17, 29, 2011-03-10 18:59:28 UTC
364, 16, 1, 2011-03-10 19:00:29 UTC
365, 30, 29, 2011-03-10 19:00:52 UTC
374, 17, 1, 2011-03-10 19:02:18 UTC
385, 27, 29, 2011-03-10 19:13:14 UTC
403, 5, 29, 2011-03-10 23:10:56 UTC
410, 27, 29, 2011-03-10 23:11:04 UTC
413, 21, 29, 2011-03-10 23:11:25 UTC
416, 11, 29, 2011-03-10 23:11:43 UTC
366, 28, 29, 2011-03-10 19:01:12 UTC
378, 12, 1, 2011-03-10 19:03:59 UTC
388, 12, 422, 2011-03-10 21:22:58 UTC
395, 17, 504, 2011-03-10 22:12:10 UTC
398, 9, 422, 2011-03-10 22:32:54 UTC
407, 6, 29, 2011-03-10 23:11:00 UTC
367, 26, 29, 2011-03-10 19:01:23 UTC
382, 20, 29, 2011-03-10 19:11:19 UTC
389, 12, 422, 2011-03-10 21:23:34 UTC
409, 8, 29, 2011-03-10 23:11:03 UTC
417, 24, 29, 2011-03-10 23:11:44 UTC
368, 7, 29, 2011-03-10 19:01:26 UTC
369, 30, 29, 2011-03-10 19:01:27 UTC
372, 29, 9, 2011-03-10 19:02:12 UTC
375, 25, 9, 2011-03-10 19:02:39 UTC
396, 4, 422, 2011-03-10 22:25:15 UTC
397, 11, 422, 2011-03-10 22:25:46 UTC
406, 10, 29, 2011-03-10 23:10:59 UTC
414, 23, 29, 2011-03-10 23:11:26 UTC
370, 19, 29, 2011-03-10 19:01:28 UTC
371, 17, 29, 2011-03-10 19:01:31 UTC
379, 25, 29, 2011-03-10 19:04:01 UTC
381, 26, 1, 2011-03-10 19:04:07 UTC
393, 10, 504, 2011-03-10 22:08:03 UTC
373, 21, 1, 2011-03-10 19:02:14 UTC
412, 26, 29, 2011-03-10 23:11:24 UTC
418, 22, 29, 2011-03-10 23:11:45 UTC
376, 15, 29, 2011-03-10 19:03:40 UTC
377, 30, 29, 2011-03-10 19:03:41 UTC
380, 24, 1, 2011-03-10 19:04:03 UTC
383, 30, 29, 2011-03-10 19:11:21 UTC
386, 23, 1, 2011-03-10 20:15:49 UTC
390, 18, 504, 2011-03-10 22:03:15 UTC
394, 28, 504, 2011-03-10 22:10:19 UTC
399, 16, 422, 2011-03-10 22:40:47 UTC
400, 13, 10, 2011-03-10 22:45:58 UTC
404, 8, 29, 2011-03-10 23:10:57 UTC
408, 28, 29, 2011-03-10 23:11:02 UTC
419, 4, 29, 2011-03-10 23:11:46 UTC
420, 24, 29, 2011-03-10 23:11:47 UTC
384, 19, 29, 2011-03-10 19:13:13 UTC
387, 29, 491, 2011-03-10 21:21:01 UTC
391, 5, 504, 2011-03-10 22:06:04 UTC
392, 22, 504, 2011-03-10 22:08:01 UTC
402, 7, 29, 2011-03-10 23:10:54 UTC
405, 9, 29, 2011-03-10 23:10:58 UTC
411, 3, 29, 2011-03-10 23:11:23 UTC
401, 16, 29, 2011-03-10 23:10:52 UTC
415, 30, 29, 2011-03-10 23:11:27 UTC
421, 26, 29, 2011-03-10 23:13:02 UTC
422, 16, 29, 2011-03-10 23:13:03 UTC
423, 4, 29, 2011-03-10 23:13:04 UTC
424, 27, 29, 2011-03-10 23:13:05 UTC
425, 11, 29, 2011-03-11 00:49:44 UTC
426, 12, 29, 2011-03-11 00:49:54 UTC
427, 2, 29, 2011-03-11 00:51:09 UTC
428, 25, 29, 2011-03-11 00:51:49 UTC
429, 27, 29, 2011-03-11 00:53:49 UTC
430, 9, 504, 2011-03-11 03:22:26 UTC
431, 7, 504, 2011-03-11 03:26:58 UTC
432, 9, 1, 2011-03-11 06:13:31 UTC
433, 22, 29, 2011-03-11 06:41:07 UTC
434, 28, 422, 2011-03-11 07:00:37 UTC
435, 13, 422, 2011-03-11 07:03:32 UTC
436, 23, 422, 2011-03-11 07:04:13 UTC
437, 23, 422, 2011-03-11 07:08:22 UTC
438, 2, 422, 2011-03-11 07:15:18 UTC
439, 5, 422, 2011-03-11 07:15:38 UTC
440, 25, 422, 2011-03-11 07:15:53 UTC
441, 28, 499, 2011-03-11 08:23:21 UTC
442, 23, 499, 2011-03-11 08:24:14 UTC
443, 17, 499, 2011-03-11 08:25:42 UTC
444, 30, 499, 2011-03-11 08:26:46 UTC
445, 11, 499, 2011-03-11 08:27:18 UTC
446, 8, 499, 2011-03-11 08:27:36 UTC
447, 22, 499, 2011-03-11 08:28:05 UTC
448, 29, 499, 2011-03-11 08:28:16 UTC
449, 2, 499, 2011-03-11 08:28:43 UTC
450, 18, 499, 2011-03-11 08:29:04 UTC
451, 28, 422, 2011-03-11 14:51:44 UTC
452, 30, 422, 2011-03-11 14:55:20 UTC
453, 31, 422, 2011-03-11 14:59:23 UTC
454, 14, 504, 2011-03-11 16:11:36 UTC
455, 9, 504, 2011-03-11 16:11:41 UTC
456, 21, 504, 2011-03-11 16:11:43 UTC
457, 17, 504, 2011-03-11 16:11:44 UTC
458, 11, 504, 2011-03-11 16:11:45 UTC
459, 24, 504, 2011-03-11 16:11:47 UTC
460, 17, 504, 2011-03-11 16:12:27 UTC
461, 6, 504, 2011-03-11 16:12:30 UTC
462, 29, 504, 2011-03-11 16:12:32 UTC
463, 20, 504, 2011-03-11 16:12:33 UTC
464, 3, 504, 2011-03-11 16:17:50 UTC
465, 14, 504, 2011-03-11 16:22:20 UTC
466, 2, 504, 2011-03-11 16:24:02 UTC
467, 24, 504, 2011-03-11 16:25:59 UTC
468, 5, 504, 2011-03-11 16:26:19 UTC
469, 27, 504, 2011-03-11 16:26:23 UTC
470, 10, 504, 2011-03-11 16:26:27 UTC
471, 24, 8, 2011-03-11 16:31:10 UTC
472, 26, 504, 2011-03-11 16:35:57 UTC
473, 25, 8, 2011-03-11 16:36:31 UTC
474, 8, 504, 2011-03-11 16:38:47 UTC
475, 8, 8, 2011-03-11 17:01:51 UTC
476, 29, 8, 2011-03-11 17:10:24 UTC
477, 13, 8, 2011-03-11 17:13:41 UTC
478, 30, 8, 2011-03-11 17:19:17 UTC
479, 15, 504, 2011-03-11 17:24:04 UTC
480, 3, 504, 2011-03-11 17:24:06 UTC
481, 5, 504, 2011-03-11 17:24:07 UTC
482, 31, 504, 2011-03-11 17:24:08 UTC
483, 20, 504, 2011-03-11 17:24:11 UTC
484, 11, 8, 2011-03-11 17:41:03 UTC
485, 21, 8, 2011-03-11 17:41:59 UTC
486, 16, 1, 2011-03-11 17:42:46 UTC
487, 26, 8, 2011-03-11 17:44:35 UTC
488, 24, 8, 2011-03-11 17:49:13 UTC
489, 25, 8, 2011-03-11 17:49:50 UTC
490, 24, 8, 2011-03-11 18:12:42 UTC
491, 24, 8, 2011-03-11 18:13:45 UTC
492, 21, 8, 2011-03-11 18:13:51 UTC
493, 15, 8, 2011-03-11 18:13:56 UTC
494, 29, 8, 2011-03-11 18:17:18 UTC
495, 30, 107, 2011-03-11 18:19:14 UTC
496, 23, 107, 2011-03-11 18:19:28 UTC
497, 29, 107, 2011-03-11 18:20:05 UTC
498, 10, 107, 2011-03-11 18:20:26 UTC
499, 8, 422, 2011-03-11 18:28:34 UTC
500, 11, 8, 2011-03-11 18:29:09 UTC
501, 11, 422, 2011-03-11 18:29:27 UTC
502, 12, 1, 2011-03-11 18:31:20 UTC
503, 27, 8, 2011-03-11 18:31:54 UTC
504, 4, 422, 2011-03-11 18:37:51 UTC
505, 7, 10, 2011-03-11 18:39:30 UTC
506, 15, 422, 2011-03-11 18:44:15 UTC
507, 12, 1, 2011-03-11 19:00:31 UTC
508, 22, 346, 2011-03-11 19:52:20 UTC
509, 30, 346, 2011-03-11 20:03:43 UTC
510, 8, 657, 2011-03-11 20:54:09 UTC
511, 24, 1, 2011-03-11 21:01:05 UTC
512, 21, 657, 2011-03-11 21:01:57 UTC
513, 2, 346, 2011-03-11 21:03:13 UTC
514, 20, 657, 2011-03-11 21:13:03 UTC
515, 16, 94, 2011-03-11 21:16:13 UTC
516, 23, 94, 2011-03-11 21:21:56 UTC
517, 31, 657, 2011-03-11 21:28:07 UTC
518, 11, 657, 2011-03-11 21:29:00 UTC
519, 10, 657, 2011-03-11 21:32:12 UTC
520, 22, 657, 2011-03-11 21:33:58 UTC
521, 17, 657, 2011-03-11 21:35:19 UTC
522, 9, 657, 2011-03-11 21:36:23 UTC
523, 25, 94, 2011-03-11 21:40:39 UTC
524, 8, 657, 2011-03-11 21:43:17 UTC
525, 18, 657, 2011-03-11 21:44:10 UTC
526, 11, 1, 2011-03-11 21:48:39 UTC
527, 6, 657, 2011-03-11 22:07:46 UTC
528, 4, 657, 2011-03-11 22:09:26 UTC
529, 26, 657, 2011-03-11 22:13:09 UTC
530, 20, 422, 2011-03-11 22:24:28 UTC
531, 22, 10, 2011-03-11 22:37:18 UTC
532, 31, 422, 2011-03-11 22:38:55 UTC
533, 5, 422, 2011-03-11 22:39:42 UTC
534, 11, 422, 2011-03-12 02:18:01 UTC
535, 18, 504, 2011-03-12 03:01:53 UTC
536, 10, 504, 2011-03-12 03:06:24 UTC
537, 17, 504, 2011-03-12 03:06:26 UTC
538, 28, 504, 2011-03-12 03:06:28 UTC
539, 7, 504, 2011-03-12 03:06:31 UTC
540, 3, 1, 2011-03-12 06:42:22 UTC
541, 21, 1, 2011-03-12 06:43:07 UTC
542, 11, 10, 2011-03-12 07:05:25 UTC
543, 30, 657, 2011-03-12 08:27:28 UTC
544, 11, 657, 2011-03-12 08:28:54 UTC
545, 18, 657, 2011-03-12 08:32:23 UTC
546, 18, 657, 2011-03-12 08:36:16 UTC
547, 16, 657, 2011-03-12 08:37:38 UTC
548, 24, 657, 2011-03-12 08:38:27 UTC
549, 15, 657, 2011-03-12 08:39:26 UTC
550, 6, 657, 2011-03-12 08:40:16 UTC
551, 12, 115, 2011-03-12 09:29:20 UTC
552, 24, 115, 2011-03-12 09:30:29 UTC
553, 27, 115, 2011-03-12 09:30:38 UTC
554, 14, 115, 2011-03-12 09:42:50 UTC
555, 14, 115, 2011-03-12 09:49:58 UTC
556, 18, 115, 2011-03-12 09:50:07 UTC
557, 14, 115, 2011-03-12 10:03:47 UTC
558, 23, 115, 2011-03-12 10:09:35 UTC
559, 2, 115, 2011-03-12 10:16:26 UTC
560, 6, 115, 2011-03-12 10:17:17 UTC
561, 25, 38, 2011-03-12 10:51:37 UTC
562, 30, 38, 2011-03-12 10:56:56 UTC
563, 29, 53, 2011-03-12 11:24:54 UTC
564, 25, 53, 2011-03-12 11:25:37 UTC
565, 14, 53, 2011-03-12 11:27:47 UTC
566, 25, 115, 2011-03-12 11:39:53 UTC
567, 26, 38, 2011-03-12 13:10:18 UTC
568, 14, 38, 2011-03-12 13:23:26 UTC
569, 21, 40, 2011-03-12 13:53:42 UTC
570, 7, 93, 2011-03-12 14:02:18 UTC
571, 6, 93, 2011-03-12 14:08:29 UTC
572, 17, 93, 2011-03-12 14:12:36 UTC
573, 31, 93, 2011-03-12 14:17:41 UTC
574, 26, 9, 2011-03-12 14:18:37 UTC
575, 27, 9, 2011-03-12 14:24:21 UTC
576, 21, 34, 2011-03-12 14:39:02 UTC
577, 12, 34, 2011-03-12 14:49:15 UTC
578, 8, 34, 2011-03-12 14:52:52 UTC
579, 30, 34, 2011-03-12 14:58:44 UTC
580, 22, 68, 2011-03-12 15:14:48 UTC
581, 12, 34, 2011-03-12 15:16:46 UTC
582, 5, 34, 2011-03-12 15:17:00 UTC
583, 14, 98, 2011-03-12 15:27:24 UTC
584, 12, 1, 2011-03-12 15:34:29 UTC
585, 18, 71, 2011-03-12 15:34:34 UTC
586, 10, 98, 2011-03-12 15:39:36 UTC
587, 31, 98, 2011-03-12 15:44:37 UTC
588, 8, 98, 2011-03-12 15:48:57 UTC
589, 31, 98, 2011-03-12 15:53:13 UTC
590, 30, 98, 2011-03-12 15:56:27 UTC
591, 22, 9, 2011-03-12 15:58:01 UTC
592, 14, 71, 2011-03-12 15:59:02 UTC
593, 8, 98, 2011-03-12 16:01:09 UTC
594, 13, 9, 2011-03-12 16:01:37 UTC
595, 23, 9, 2011-03-12 16:02:24 UTC
596, 6, 98, 2011-03-12 16:03:44 UTC
597, 29, 98, 2011-03-12 16:06:29 UTC
598, 8, 98, 2011-03-12 16:09:01 UTC
599, 11, 71, 2011-03-12 16:10:30 UTC
600, 4, 71, 2011-03-12 16:11:28 UTC
601, 25, 71, 2011-03-12 16:12:30 UTC
602, 5, 37, 2011-03-12 16:12:36 UTC
603, 11, 32, 2011-03-12 16:12:58 UTC
604, 26, 37, 2011-03-12 16:18:54 UTC
605, 18, 37, 2011-03-12 16:23:02 UTC
606, 20, 37, 2011-03-12 16:28:21 UTC
607, 18, 37, 2011-03-12 16:30:43 UTC
608, 5, 37, 2011-03-12 16:33:38 UTC
609, 16, 37, 2011-03-12 16:38:40 UTC
610, 17, 37, 2011-03-12 16:42:56 UTC
611, 18, 37, 2011-03-12 16:49:50 UTC
612, 14, 53, 2011-03-12 16:53:14 UTC
613, 21, 53, 2011-03-12 16:53:59 UTC
614, 24, 53, 2011-03-12 16:56:37 UTC
615, 9, 37, 2011-03-12 17:03:22 UTC
616, 21, 29, 2011-03-12 17:04:56 UTC
617, 11, 29, 2011-03-12 17:05:30 UTC
618, 24, 29, 2011-03-12 17:07:10 UTC
619, 20, 29, 2011-03-12 17:07:35 UTC
620, 7, 29, 2011-03-12 17:07:41 UTC
621, 7, 29, 2011-03-12 17:07:49 UTC
622, 21, 31, 2011-03-12 17:08:55 UTC
623, 9, 31, 2011-03-12 17:09:34 UTC
624, 6, 31, 2011-03-12 17:10:57 UTC
625, 30, 31, 2011-03-12 17:11:14 UTC
626, 26, 37, 2011-03-12 17:19:49 UTC
627, 28, 66, 2011-03-12 17:25:56 UTC
628, 13, 66, 2011-03-12 17:26:27 UTC
629, 25, 68, 2011-03-12 17:26:38 UTC
630, 3, 66, 2011-03-12 17:26:44 UTC
631, 7, 66, 2011-03-12 17:26:51 UTC
632, 30, 68, 2011-03-12 17:28:01 UTC
633, 7, 68, 2011-03-12 17:28:03 UTC
634, 25, 66, 2011-03-12 17:28:20 UTC
635, 12, 71, 2011-03-12 17:36:45 UTC
636, 22, 8, 2011-03-12 17:50:06 UTC
637, 28, 71, 2011-03-12 17:52:35 UTC
638, 17, 8, 2011-03-12 18:01:45 UTC
639, 23, 8, 2011-03-12 18:03:51 UTC
640, 25, 78, 2011-03-12 18:06:53 UTC
641, 24, 71, 2011-03-12 18:12:28 UTC
642, 13, 97, 2011-03-12 18:17:37 UTC
643, 23, 8, 2011-03-12 18:21:22 UTC
644, 30, 71, 2011-03-12 18:24:03 UTC
645, 31, 53, 2011-03-12 18:50:51 UTC
646, 29, 53, 2011-03-12 18:51:29 UTC
647, 12, 53, 2011-03-12 18:51:42 UTC
648, 29, 78, 2011-03-12 18:57:43 UTC
649, 22, 34, 2011-03-12 20:22:20 UTC
650, 26, 34, 2011-03-12 20:22:51 UTC
651, 23, 34, 2011-03-12 20:27:08 UTC
652, 18, 97, 2011-03-12 20:30:42 UTC
653, 22, 73, 2011-03-12 20:32:50 UTC
654, 2, 53, 2011-03-12 20:44:08 UTC
655, 4, 37, 2011-03-12 21:11:17 UTC
656, 19, 29, 2011-03-12 21:19:52 UTC
657, 11, 29, 2011-03-12 21:20:01 UTC
658, 13, 29, 2011-03-12 21:20:10 UTC
659, 14, 29, 2011-03-12 21:20:21 UTC
679, 10, 29, 2011-03-12 22:01:48 UTC
686, 30, 1, 2011-03-12 22:30:18 UTC
693, 17, 8, 2011-03-12 22:57:02 UTC
708, 3, 115, 2011-03-13 01:44:38 UTC
723, 9, 79, 2011-03-13 02:36:11 UTC
660, 22, 29, 2011-03-12 21:20:27 UTC
664, 7, 29, 2011-03-12 21:22:17 UTC
666, 30, 29, 2011-03-12 21:22:58 UTC
671, 15, 29, 2011-03-12 21:23:44 UTC
691, 6, 64, 2011-03-12 22:44:57 UTC
711, 25, 64, 2011-03-13 01:48:24 UTC
661, 4, 29, 2011-03-12 21:20:29 UTC
662, 22, 29, 2011-03-12 21:21:21 UTC
669, 13, 29, 2011-03-12 21:23:13 UTC
680, 9, 92, 2011-03-12 22:16:45 UTC
698, 19, 35, 2011-03-12 23:54:26 UTC
710, 16, 79, 2011-03-13 01:47:16 UTC
721, 28, 79, 2011-03-13 02:36:10 UTC
663, 9, 29, 2011-03-12 21:21:25 UTC
713, 17, 79, 2011-03-13 01:52:18 UTC
665, 8, 29, 2011-03-12 21:22:52 UTC
670, 17, 29, 2011-03-12 21:23:20 UTC
684, 17, 73, 2011-03-12 22:26:15 UTC
712, 26, 115, 2011-03-13 01:52:01 UTC
714, 25, 79, 2011-03-13 01:55:43 UTC
667, 18, 29, 2011-03-12 21:23:00 UTC
673, 21, 29, 2011-03-12 21:25:25 UTC
675, 19, 29, 2011-03-12 21:55:39 UTC
685, 13, 1, 2011-03-12 22:30:00 UTC
689, 3, 37, 2011-03-12 22:42:07 UTC
699, 21, 29, 2011-03-13 00:33:00 UTC
706, 20, 115, 2011-03-13 01:41:22 UTC
668, 2, 29, 2011-03-12 21:23:07 UTC
681, 29, 29, 2011-03-12 22:17:36 UTC
700, 21, 49, 2011-03-13 01:16:32 UTC
672, 8, 29, 2011-03-12 21:23:48 UTC
677, 2, 29, 2011-03-12 21:57:17 UTC
674, 8, 29, 2011-03-12 21:26:05 UTC
676, 12, 29, 2011-03-12 21:56:25 UTC
688, 21, 34, 2011-03-12 22:36:40 UTC
694, 14, 29, 2011-03-12 23:04:59 UTC
695, 13, 29, 2011-03-12 23:06:41 UTC
704, 18, 49, 2011-03-13 01:18:46 UTC
707, 14, 79, 2011-03-13 01:43:51 UTC
717, 31, 115, 2011-03-13 02:02:14 UTC
722, 2, 79, 2011-03-13 02:36:11 UTC
678, 7, 29, 2011-03-12 21:58:56 UTC
683, 4, 29, 2011-03-12 22:19:56 UTC
690, 11, 1, 2011-03-12 22:43:03 UTC
692, 14, 37, 2011-03-12 22:48:09 UTC
716, 28, 79, 2011-03-13 02:00:31 UTC
718, 29, 79, 2011-03-13 02:07:45 UTC
682, 18, 29, 2011-03-12 22:18:54 UTC
697, 10, 53, 2011-03-12 23:26:46 UTC
720, 13, 79, 2011-03-13 02:15:31 UTC
687, 26, 37, 2011-03-12 22:32:57 UTC
696, 29, 29, 2011-03-12 23:06:44 UTC
701, 23, 49, 2011-03-13 01:17:05 UTC
702, 4, 49, 2011-03-13 01:17:29 UTC
709, 24, 79, 2011-03-13 01:44:42 UTC
715, 22, 115, 2011-03-13 01:57:16 UTC
703, 3, 49, 2011-03-13 01:18:32 UTC
705, 16, 49, 2011-03-13 01:18:51 UTC
719, 22, 79, 2011-03-13 02:15:30 UTC
724, 26, 10, 2011-03-13 03:11:50 UTC
725, 28, 35, 2011-03-13 03:24:14 UTC
726, 29, 35, 2011-03-13 04:12:48 UTC
727, 3, 25, 2011-03-13 04:58:43 UTC
728, 12, 1, 2011-03-13 05:00:03 UTC
729, 14, 115, 2011-03-13 05:01:45 UTC
730, 19, 115, 2011-03-13 05:27:11 UTC
731, 7, 115, 2011-03-13 05:30:46 UTC
732, 15, 115, 2011-03-13 05:31:38 UTC
733, 30, 115, 2011-03-13 05:33:51 UTC
734, 7, 115, 2011-03-13 05:35:07 UTC
735, 26, 73, 2011-03-13 09:37:12 UTC
736, 25, 53, 2011-03-13 12:55:26 UTC
737, 6, 53, 2011-03-13 13:26:08 UTC
738, 6, 53, 2011-03-13 13:33:36 UTC
739, 13, 71, 2011-03-13 15:58:21 UTC
740, 5, 8, 2011-03-13 15:58:38 UTC
741, 7, 8, 2011-03-13 16:02:08 UTC
742, 11, 8, 2011-03-13 16:06:17 UTC
743, 25, 71, 2011-03-13 16:11:47 UTC
744, 16, 73, 2011-03-13 16:16:54 UTC
745, 17, 1, 2011-03-13 16:17:36 UTC
746, 24, 71, 2011-03-13 16:21:53 UTC
747, 24, 8, 2011-03-13 16:31:59 UTC
748, 30, 35, 2011-03-13 16:32:15 UTC
749, 31, 71, 2011-03-13 16:33:16 UTC
750, 7, 71, 2011-03-13 16:54:32 UTC
751, 11, 8, 2011-03-13 16:55:25 UTC
752, 27, 32, 2011-03-13 16:59:29 UTC
753, 16, 32, 2011-03-13 17:59:06 UTC
754, 3, 34, 2011-03-13 18:27:13 UTC
755, 23, 34, 2011-03-13 18:37:25 UTC
756, 17, 34, 2011-03-13 18:37:35 UTC
757, 23, 73, 2011-03-13 20:01:57 UTC
758, 16, 53, 2011-03-13 20:21:21 UTC
759, 27, 33, 2011-03-14 02:59:22 UTC
760, 19, 33, 2011-03-14 03:17:06 UTC
761, 3, 8, 2011-03-14 03:57:47 UTC
762, 26, 85, 2011-03-14 05:01:41 UTC
763, 22, 85, 2011-03-14 05:02:10 UTC
764, 10, 8, 2011-03-14 05:15:44 UTC
765, 4, 102, 2011-03-14 05:23:04 UTC
766, 16, 102, 2011-03-14 06:04:10 UTC
767, 8, 102, 2011-03-14 06:09:04 UTC
768, 28, 102, 2011-03-14 06:18:10 UTC
769, 30, 102, 2011-03-14 06:18:11 UTC
770, 9, 102, 2011-03-14 06:28:00 UTC
771, 18, 102, 2011-03-14 07:08:06 UTC
772, 10, 657, 2011-03-14 07:21:02 UTC
773, 28, 657, 2011-03-14 07:24:42 UTC
774, 31, 102, 2011-03-14 08:05:39 UTC
775, 21, 102, 2011-03-14 08:24:11 UTC
776, 29, 115, 2011-03-14 11:47:33 UTC
777, 25, 102, 2011-03-14 14:09:58 UTC
778, 4, 8, 2011-03-14 15:57:41 UTC
779, 19, 98, 2011-03-14 16:01:00 UTC
780, 28, 98, 2011-03-14 16:05:20 UTC
781, 2, 8, 2011-03-14 16:07:01 UTC
782, 22, 98, 2011-03-14 16:07:56 UTC
783, 9, 98, 2011-03-14 16:13:41 UTC
784, 16, 98, 2011-03-14 16:14:35 UTC
785, 25, 98, 2011-03-14 16:15:02 UTC
786, 14, 98, 2011-03-14 16:17:43 UTC
787, 27, 98, 2011-03-14 16:19:14 UTC
788, 18, 98, 2011-03-14 16:22:10 UTC
789, 18, 98, 2011-03-14 16:27:41 UTC
790, 14, 8, 2011-03-14 16:35:45 UTC
791, 4, 114, 2011-03-14 16:41:58 UTC
792, 21, 114, 2011-03-14 16:44:59 UTC
793, 26, 114, 2011-03-14 16:54:52 UTC
794, 19, 8, 2011-03-14 16:57:59 UTC
795, 22, 8, 2011-03-14 17:01:51 UTC
796, 3, 73, 2011-03-14 17:16:13 UTC
797, 30, 73, 2011-03-14 17:30:43 UTC
798, 5, 33, 2011-03-14 18:44:37 UTC
799, 21, 33, 2011-03-14 19:03:53 UTC
800, 21, 29, 2011-03-14 20:14:35 UTC
801, 31, 1, 2011-03-14 20:23:34 UTC
802, 30, 1, 2011-03-14 20:29:21 UTC
803, 14, 33, 2011-03-14 21:02:28 UTC
804, 23, 33, 2011-03-14 22:17:32 UTC
805, 22, 422, 2011-03-14 22:30:43 UTC
806, 18, 422, 2011-03-14 22:38:38 UTC
807, 21, 29, 2011-03-14 22:46:50 UTC
808, 19, 29, 2011-03-14 22:46:54 UTC
809, 5, 29, 2011-03-14 22:47:00 UTC
810, 21, 29, 2011-03-14 22:47:01 UTC
811, 14, 29, 2011-03-14 22:47:02 UTC
812, 10, 29, 2011-03-14 22:47:03 UTC
813, 22, 29, 2011-03-14 22:47:05 UTC
814, 17, 29, 2011-03-14 22:47:06 UTC
815, 5, 33, 2011-03-14 22:50:53 UTC
816, 19, 33, 2011-03-14 23:13:47 UTC
817, 6, 33, 2011-03-15 00:50:25 UTC
818, 28, 33, 2011-03-15 00:56:19 UTC
819, 23, 102, 2011-03-15 04:23:01 UTC
820, 12, 33, 2011-03-15 05:45:30 UTC
821, 15, 33, 2011-03-15 05:57:21 UTC
822, 14, 85, 2011-03-15 06:01:49 UTC
823, 26, 85, 2011-03-15 06:07:20 UTC
824, 29, 85, 2011-03-15 06:12:41 UTC
825, 2, 85, 2011-03-15 06:15:46 UTC
826, 27, 85, 2011-03-15 06:18:24 UTC
827, 18, 85, 2011-03-15 06:21:23 UTC
828, 30, 85, 2011-03-15 06:21:33 UTC
829, 7, 85, 2011-03-15 06:21:42 UTC
830, 9, 85, 2011-03-15 06:22:41 UTC
831, 6, 85, 2011-03-15 06:23:30 UTC
832, 18, 85, 2011-03-15 06:24:38 UTC
833, 6, 85, 2011-03-15 06:30:16 UTC
834, 25, 85, 2011-03-15 06:31:04 UTC
835, 7, 85, 2011-03-15 06:32:25 UTC
836, 3, 85, 2011-03-15 06:32:29 UTC
837, 30, 90, 2011-03-15 06:39:30 UTC
838, 29, 90, 2011-03-15 07:41:40 UTC
839, 9, 102, 2011-03-15 07:48:38 UTC
840, 7, 102, 2011-03-15 08:16:15 UTC
841, 31, 50, 2011-03-15 11:58:52 UTC
842, 18, 50, 2011-03-15 12:15:15 UTC
843, 18, 100, 2011-03-15 13:26:35 UTC
844, 28, 100, 2011-03-15 13:33:41 UTC
845, 8, 100, 2011-03-15 13:39:09 UTC
846, 7, 100, 2011-03-15 13:42:15 UTC
847, 19, 100, 2011-03-15 13:47:28 UTC
848, 20, 100, 2011-03-15 13:54:58 UTC
849, 31, 100, 2011-03-15 13:55:51 UTC
850, 5, 100, 2011-03-15 13:56:37 UTC
851, 24, 100, 2011-03-15 13:57:44 UTC
852, 31, 100, 2011-03-15 13:58:33 UTC
853, 6, 100, 2011-03-15 13:59:09 UTC
854, 15, 100, 2011-03-15 13:59:43 UTC
855, 20, 8, 2011-03-15 15:15:47 UTC
856, 12, 8, 2011-03-15 15:16:00 UTC
857, 17, 684, 2011-03-15 16:12:25 UTC
858, 23, 8, 2011-03-15 16:39:34 UTC
859, 25, 114, 2011-03-15 18:48:03 UTC
860, 14, 114, 2011-03-15 18:58:56 UTC
861, 6, 9, 2011-03-15 19:30:54 UTC
862, 7, 9, 2011-03-15 20:16:47 UTC
863, 31, 9, 2011-03-15 20:17:57 UTC
864, 11, 114, 2011-03-15 20:45:21 UTC
865, 18, 8, 2011-03-15 20:53:29 UTC
866, 17, 8, 2011-03-15 21:59:06 UTC
867, 8, 107, 2011-03-15 23:24:59 UTC
868, 26, 100, 2011-03-16 02:10:46 UTC
869, 11, 100, 2011-03-16 02:11:59 UTC
870, 25, 100, 2011-03-16 02:24:31 UTC
871, 26, 100, 2011-03-16 02:25:19 UTC
872, 14, 100, 2011-03-16 02:26:24 UTC
873, 28, 102, 2011-03-16 04:33:36 UTC
874, 11, 83, 2011-03-16 05:15:50 UTC
875, 19, 83, 2011-03-16 05:16:35 UTC
876, 5, 1610, 2011-03-16 05:17:19 UTC
877, 30, 83, 2011-03-16 05:18:43 UTC
878, 7, 83, 2011-03-16 05:19:34 UTC
879, 15, 83, 2011-03-16 05:24:36 UTC
880, 10, 83, 2011-03-16 05:28:36 UTC
881, 8, 1612, 2011-03-16 05:31:08 UTC
882, 12, 83, 2011-03-16 05:31:17 UTC
883, 25, 83, 2011-03-16 05:31:22 UTC
884, 16, 10, 2011-03-16 05:32:56 UTC
885, 26, 10, 2011-03-16 05:35:04 UTC
886, 13, 1, 2011-03-16 06:06:44 UTC
887, 12, 1, 2011-03-16 06:08:26 UTC
888, 18, 657, 2011-03-16 08:51:21 UTC
889, 3, 102, 2011-03-16 12:25:09 UTC
890, 16, 873, 2011-03-16 15:15:35 UTC
891, 23, 873, 2011-03-16 15:19:18 UTC
892, 15, 873, 2011-03-16 15:22:01 UTC
893, 31, 38, 2011-03-16 16:37:29 UTC
894, 18, 38, 2011-03-16 16:51:32 UTC
895, 26, 38, 2011-03-16 17:02:36 UTC
896, 5, 38, 2011-03-16 17:08:55 UTC
897, 4, 38, 2011-03-16 17:16:15 UTC
898, 15, 38, 2011-03-16 17:18:38 UTC
899, 23, 38, 2011-03-16 17:25:10 UTC
900, 4, 38, 2011-03-16 17:32:10 UTC
901, 24, 38, 2011-03-16 17:39:25 UTC
902, 27, 873, 2011-03-16 18:05:06 UTC
903, 28, 873, 2011-03-16 18:06:24 UTC
904, 24, 873, 2011-03-16 18:07:17 UTC
905, 16, 873, 2011-03-16 18:10:01 UTC
906, 11, 873, 2011-03-16 18:10:14 UTC
907, 3, 873, 2011-03-16 18:13:03 UTC
908, 26, 73, 2011-03-16 19:46:36 UTC
909, 30, 422, 2011-03-16 20:33:22 UTC
910, 13, 73, 2011-03-16 20:40:41 UTC
911, 18, 9, 2011-03-16 20:49:43 UTC
912, 3, 1629, 2011-03-16 22:08:57 UTC
913, 26, 1629, 2011-03-16 22:09:50 UTC
914, 10, 29, 2011-03-17 00:06:31 UTC
915, 10, 29, 2011-03-17 00:11:55 UTC
916, 11, 29, 2011-03-17 00:14:22 UTC
917, 12, 29, 2011-03-17 00:14:38 UTC
918, 16, 29, 2011-03-17 00:15:00 UTC
919, 15, 29, 2011-03-17 00:17:11 UTC
920, 26, 29, 2011-03-17 00:19:14 UTC
921, 29, 1717, 2011-03-17 01:27:16 UTC
922, 27, 9, 2011-03-17 01:34:58 UTC
923, 13, 9, 2011-03-17 01:35:39 UTC
924, 7, 9, 2011-03-17 01:37:05 UTC
925, 21, 9, 2011-03-17 01:47:03 UTC
926, 6, 9, 2011-03-17 01:47:03 UTC
927, 12, 9, 2011-03-17 02:13:45 UTC
928, 5, 9, 2011-03-17 02:14:10 UTC
929, 26, 1629, 2011-03-17 03:14:25 UTC
930, 19, 1629, 2011-03-17 03:21:49 UTC
931, 5, 1629, 2011-03-17 03:24:10 UTC
932, 25, 1629, 2011-03-17 03:38:13 UTC
933, 25, 102, 2011-03-17 05:07:30 UTC
934, 18, 38, 2011-03-17 09:02:30 UTC
935, 18, 38, 2011-03-17 09:25:38 UTC
936, 15, 38, 2011-03-17 09:26:10 UTC
937, 4, 38, 2011-03-17 09:33:44 UTC
938, 18, 38, 2011-03-17 09:42:08 UTC
939, 29, 115, 2011-03-17 10:01:47 UTC
940, 16, 38, 2011-03-17 10:02:32 UTC
941, 2, 38, 2011-03-17 10:08:52 UTC
942, 16, 115, 2011-03-17 10:23:10 UTC
943, 17, 71, 2011-03-17 10:48:18 UTC
944, 28, 38, 2011-03-17 11:42:31 UTC
945, 22, 38, 2011-03-17 11:57:24 UTC
946, 24, 38, 2011-03-17 12:05:17 UTC
947, 12, 38, 2011-03-17 12:24:23 UTC
948, 9, 38, 2011-03-17 12:34:00 UTC
949, 10, 38, 2011-03-17 13:54:44 UTC
950, 13, 38, 2011-03-17 14:01:22 UTC
951, 8, 38, 2011-03-17 14:01:57 UTC
952, 30, 38, 2011-03-17 14:02:05 UTC
953, 19, 29, 2011-03-17 14:15:39 UTC
954, 5, 29, 2011-03-17 14:19:32 UTC
955, 2, 29, 2011-03-17 14:19:36 UTC
956, 25, 29, 2011-03-17 14:19:44 UTC
957, 31, 29, 2011-03-17 14:19:46 UTC
958, 6, 29, 2011-03-17 14:19:47 UTC
959, 30, 29, 2011-03-17 14:19:49 UTC
960, 14, 29, 2011-03-17 14:19:52 UTC
961, 9, 29, 2011-03-17 14:19:53 UTC
962, 26, 29, 2011-03-17 14:19:54 UTC
963, 15, 29, 2011-03-17 14:19:55 UTC
964, 26, 29, 2011-03-17 14:19:56 UTC
975, 30, 29, 2011-03-17 14:20:13 UTC
965, 21, 29, 2011-03-17 14:19:57 UTC
966, 17, 29, 2011-03-17 14:19:58 UTC
967, 14, 29, 2011-03-17 14:19:59 UTC
970, 20, 29, 2011-03-17 14:20:02 UTC
972, 22, 29, 2011-03-17 14:20:09 UTC
978, 18, 29, 2011-03-17 14:20:19 UTC
968, 23, 29, 2011-03-17 14:20:00 UTC
974, 28, 29, 2011-03-17 14:20:12 UTC
969, 31, 29, 2011-03-17 14:20:01 UTC
971, 2, 29, 2011-03-17 14:20:08 UTC
976, 10, 29, 2011-03-17 14:20:14 UTC
973, 13, 29, 2011-03-17 14:20:11 UTC
977, 10, 29, 2011-03-17 14:20:16 UTC
979, 6, 29, 2011-03-17 14:20:20 UTC
980, 25, 29, 2011-03-17 14:20:21 UTC
981, 24, 38, 2011-03-17 14:54:38 UTC
982, 22, 38, 2011-03-17 15:13:43 UTC
983, 30, 38, 2011-03-17 15:22:46 UTC
984, 5, 8, 2011-03-17 15:31:23 UTC
985, 25, 38, 2011-03-17 15:36:46 UTC
986, 26, 38, 2011-03-17 15:46:10 UTC
987, 22, 73, 2011-03-17 17:03:54 UTC
988, 8, 29, 2011-03-17 17:12:13 UTC
989, 5, 29, 2011-03-17 17:12:31 UTC
990, 4, 29, 2011-03-17 17:12:33 UTC
991, 26, 29, 2011-03-17 17:12:34 UTC
992, 27, 29, 2011-03-17 17:12:35 UTC
993, 2, 29, 2011-03-17 17:12:54 UTC
994, 26, 29, 2011-03-17 17:12:56 UTC
995, 4, 29, 2011-03-17 17:12:56 UTC
996, 11, 29, 2011-03-17 17:12:57 UTC
997, 12, 29, 2011-03-17 17:12:58 UTC
998, 21, 29, 2011-03-17 17:12:59 UTC
999, 2, 29, 2011-03-17 17:13:00 UTC
1000, 29, 29, 2011-03-17 17:13:01 UTC
1001, 24, 29, 2011-03-17 17:13:02 UTC
1002, 22, 29, 2011-03-17 17:13:03 UTC
1003, 14, 29, 2011-03-17 17:13:04 UTC
1004, 28, 29, 2011-03-17 17:13:05 UTC
1005, 14, 29, 2011-03-17 17:13:06 UTC
1006, 6, 29, 2011-03-17 17:13:07 UTC
1007, 30, 29, 2011-03-17 17:13:08 UTC
1008, 28, 29, 2011-03-17 17:13:23 UTC
1009, 24, 29, 2011-03-17 17:13:24 UTC
1010, 12, 29, 2011-03-17 17:13:25 UTC
1011, 15, 29, 2011-03-17 17:13:26 UTC
1012, 3, 29, 2011-03-17 17:13:27 UTC
1013, 12, 29, 2011-03-17 17:13:28 UTC
1014, 22, 29, 2011-03-17 17:13:29 UTC
1015, 18, 29, 2011-03-17 17:13:30 UTC
1016, 5, 29, 2011-03-17 17:13:42 UTC
1017, 11, 29, 2011-03-17 17:13:43 UTC
1018, 21, 29, 2011-03-17 17:13:45 UTC
1019, 10, 29, 2011-03-17 17:13:47 UTC
1020, 6, 29, 2011-03-17 17:13:50 UTC
1021, 29, 29, 2011-03-17 17:13:51 UTC
1022, 25, 29, 2011-03-17 17:13:52 UTC
1023, 7, 29, 2011-03-17 17:14:54 UTC
1024, 12, 29, 2011-03-17 17:14:56 UTC
1025, 16, 29, 2011-03-17 17:14:57 UTC
1026, 10, 29, 2011-03-17 17:14:58 UTC
1027, 15, 29, 2011-03-17 17:15:00 UTC
1028, 21, 29, 2011-03-17 17:15:01 UTC
1029, 2, 29, 2011-03-17 17:15:02 UTC
1030, 5, 29, 2011-03-17 17:15:03 UTC
1031, 17, 29, 2011-03-17 17:15:07 UTC
1032, 2, 29, 2011-03-17 17:15:10 UTC
1033, 10, 29, 2011-03-17 17:15:11 UTC
1034, 14, 29, 2011-03-17 17:15:13 UTC
1035, 29, 29, 2011-03-17 17:15:14 UTC
1036, 19, 29, 2011-03-17 17:15:15 UTC
1037, 22, 29, 2011-03-17 17:15:17 UTC
1038, 28, 29, 2011-03-17 17:15:18 UTC
1039, 17, 29, 2011-03-17 17:15:19 UTC
1040, 6, 29, 2011-03-17 17:15:20 UTC
1041, 3, 29, 2011-03-17 17:15:21 UTC
1042, 2, 29, 2011-03-17 17:15:22 UTC
1043, 29, 29, 2011-03-17 17:15:23 UTC
1044, 23, 29, 2011-03-17 17:15:24 UTC
1045, 18, 29, 2011-03-17 17:15:25 UTC
1046, 2, 29, 2011-03-17 17:15:29 UTC
1047, 31, 8, 2011-03-17 18:08:46 UTC
1048, 8, 8, 2011-03-17 18:12:10 UTC
1049, 11, 8, 2011-03-17 18:16:33 UTC
1050, 18, 71, 2011-03-17 19:53:09 UTC
1051, 4, 73, 2011-03-17 19:56:05 UTC
1052, 16, 71, 2011-03-17 20:25:14 UTC
1053, 17, 73, 2011-03-17 21:07:30 UTC
1054, 23, 71, 2011-03-17 21:08:04 UTC
1055, 2, 73, 2011-03-17 21:14:18 UTC
1056, 21, 29, 2011-03-17 22:26:23 UTC
1057, 3, 29, 2011-03-17 22:26:28 UTC
1058, 13, 29, 2011-03-17 22:26:30 UTC
1059, 23, 29, 2011-03-17 22:26:31 UTC
1060, 27, 29, 2011-03-17 22:26:33 UTC
1061, 25, 29, 2011-03-17 22:26:34 UTC
1062, 31, 29, 2011-03-17 22:26:35 UTC
1063, 10, 29, 2011-03-17 22:26:37 UTC
1064, 7, 29, 2011-03-17 22:27:29 UTC
1065, 6, 29, 2011-03-17 22:27:34 UTC
1066, 23, 29, 2011-03-17 22:29:00 UTC
1067, 11, 29, 2011-03-17 22:30:21 UTC
1068, 22, 29, 2011-03-17 22:32:51 UTC
1069, 21, 73, 2011-03-17 22:42:27 UTC
1070, 13, 1629, 2011-03-18 01:02:23 UTC
1071, 9, 1, 2011-03-18 04:19:08 UTC
1072, 8, 102, 2011-03-18 05:38:54 UTC
1073, 31, 102, 2011-03-18 09:52:52 UTC
1074, 13, 1, 2011-03-18 15:25:30 UTC
1075, 24, 85, 2011-03-18 15:26:42 UTC
1076, 12, 293, 2011-03-18 15:36:40 UTC
1077, 17, 293, 2011-03-18 15:37:15 UTC
1078, 8, 158, 2011-03-18 15:40:43 UTC
1079, 10, 293, 2011-03-18 15:41:19 UTC
1080, 26, 186, 2011-03-18 15:41:38 UTC
1081, 17, 238, 2011-03-18 15:42:05 UTC
1082, 29, 141, 2011-03-18 15:42:50 UTC
1083, 4, 238, 2011-03-18 15:43:12 UTC
1084, 17, 293, 2011-03-18 15:43:17 UTC
1085, 9, 186, 2011-03-18 15:43:30 UTC
1086, 20, 186, 2011-03-18 15:43:42 UTC
1087, 16, 293, 2011-03-18 15:44:33 UTC
1088, 21, 238, 2011-03-18 15:44:58 UTC
1089, 21, 186, 2011-03-18 15:45:00 UTC
1090, 23, 186, 2011-03-18 15:45:26 UTC
1091, 31, 293, 2011-03-18 15:45:48 UTC
1092, 4, 186, 2011-03-18 15:46:20 UTC
1093, 28, 231, 2011-03-18 15:46:30 UTC
1094, 5, 238, 2011-03-18 15:46:59 UTC
1095, 26, 160, 2011-03-18 15:47:00 UTC
1096, 31, 293, 2011-03-18 15:47:01 UTC
1097, 19, 186, 2011-03-18 15:47:21 UTC
1098, 26, 186, 2011-03-18 15:47:54 UTC
1099, 15, 246, 2011-03-18 15:48:02 UTC
1100, 23, 238, 2011-03-18 15:48:08 UTC
1101, 28, 293, 2011-03-18 15:48:15 UTC
1102, 15, 160, 2011-03-18 15:48:50 UTC
1109, 14, 231, 2011-03-18 15:50:27 UTC
1117, 2, 290, 2011-03-18 15:54:17 UTC
1122, 25, 246, 2011-03-18 15:57:15 UTC
1123, 6, 129, 2011-03-18 16:03:39 UTC
1103, 26, 160, 2011-03-18 15:48:51 UTC
1120, 7, 296, 2011-03-18 15:55:16 UTC
1129, 11, 240, 2011-03-18 16:10:26 UTC
1104, 2, 231, 2011-03-18 15:49:27 UTC
1107, 20, 296, 2011-03-18 15:50:14 UTC
1108, 2, 186, 2011-03-18 15:50:19 UTC
1105, 9, 293, 2011-03-18 15:49:32 UTC
1113, 4, 293, 2011-03-18 15:52:17 UTC
1126, 3, 129, 2011-03-18 16:08:38 UTC
1131, 2, 220, 2011-03-18 16:13:00 UTC
1132, 20, 220, 2011-03-18 16:13:11 UTC
1106, 29, 238, 2011-03-18 15:49:55 UTC
1133, 22, 129, 2011-03-18 16:13:25 UTC
1110, 24, 293, 2011-03-18 15:51:01 UTC
1118, 30, 231, 2011-03-18 15:54:23 UTC
1111, 15, 296, 2011-03-18 15:51:35 UTC
1112, 9, 162, 2011-03-18 15:51:46 UTC
1116, 23, 246, 2011-03-18 15:53:42 UTC
1130, 13, 205, 2011-03-18 16:11:58 UTC
1134, 18, 220, 2011-03-18 16:14:11 UTC
1136, 8, 220, 2011-03-18 16:16:11 UTC
1114, 2, 296, 2011-03-18 15:52:29 UTC
1128, 2, 271, 2011-03-18 16:10:07 UTC
1135, 24, 271, 2011-03-18 16:15:27 UTC
1115, 5, 240, 2011-03-18 15:53:02 UTC
1124, 22, 220, 2011-03-18 16:07:49 UTC
1119, 10, 160, 2011-03-18 15:55:00 UTC
1121, 23, 139, 2011-03-18 15:55:23 UTC
1125, 11, 129, 2011-03-18 16:08:00 UTC
1127, 2, 220, 2011-03-18 16:09:33 UTC
1137, 5, 129, 2011-03-18 16:20:47 UTC
1138, 22, 302, 2011-03-18 16:24:17 UTC
1139, 14, 216, 2011-03-18 16:24:35 UTC
1140, 23, 167, 2011-03-18 16:25:13 UTC
1141, 5, 129, 2011-03-18 16:28:29 UTC
1142, 3, 302, 2011-03-18 16:30:41 UTC
1143, 16, 129, 2011-03-18 16:31:18 UTC
1144, 29, 186, 2011-03-18 16:31:34 UTC
1145, 8, 302, 2011-03-18 16:33:01 UTC
1146, 19, 271, 2011-03-18 16:33:06 UTC
1147, 28, 167, 2011-03-18 16:33:08 UTC
1148, 11, 167, 2011-03-18 16:34:15 UTC
1149, 9, 167, 2011-03-18 16:34:34 UTC
1150, 6, 302, 2011-03-18 16:35:18 UTC
1151, 13, 271, 2011-03-18 16:36:44 UTC
1152, 7, 234, 2011-03-18 16:38:28 UTC
1153, 31, 271, 2011-03-18 16:38:33 UTC
1154, 10, 271, 2011-03-18 16:40:18 UTC
1155, 21, 129, 2011-03-18 16:55:59 UTC
1156, 15, 209, 2011-03-18 16:56:00 UTC
1157, 23, 231, 2011-03-18 17:00:37 UTC
1158, 19, 279, 2011-03-18 17:01:37 UTC
1159, 4, 164, 2011-03-18 17:06:03 UTC
1160, 10, 209, 2011-03-18 17:06:36 UTC
1161, 6, 236, 2011-03-18 17:12:06 UTC
1162, 6, 279, 2011-03-18 17:13:55 UTC
1163, 11, 209, 2011-03-18 17:15:00 UTC
1164, 20, 1, 2011-03-18 17:15:38 UTC
1165, 6, 236, 2011-03-18 17:19:26 UTC
1166, 3, 236, 2011-03-18 17:23:24 UTC
1167, 12, 236, 2011-03-18 17:27:26 UTC
1168, 5, 1990, 2011-03-18 17:28:01 UTC
1169, 12, 38, 2011-03-18 17:29:35 UTC
1170, 31, 236, 2011-03-18 17:31:09 UTC
1171, 27, 271, 2011-03-18 17:31:26 UTC
1172, 8, 236, 2011-03-18 17:33:47 UTC
1173, 7, 236, 2011-03-18 17:35:31 UTC
1174, 17, 38, 2011-03-18 17:37:03 UTC
1175, 11, 236, 2011-03-18 17:37:09 UTC
1176, 3, 38, 2011-03-18 17:37:25 UTC
1177, 14, 236, 2011-03-18 17:44:28 UTC
1178, 4, 38, 2011-03-18 17:44:48 UTC
1179, 18, 181, 2011-03-18 17:47:59 UTC
1180, 9, 236, 2011-03-18 17:48:23 UTC
1181, 29, 236, 2011-03-18 17:51:03 UTC
1182, 3, 236, 2011-03-18 17:52:56 UTC
1183, 26, 279, 2011-03-18 17:54:31 UTC
1184, 20, 236, 2011-03-18 17:55:45 UTC
1185, 16, 236, 2011-03-18 17:57:04 UTC
1186, 31, 181, 2011-03-18 17:57:53 UTC
1187, 7, 181, 2011-03-18 17:58:17 UTC
1188, 16, 181, 2011-03-18 18:00:03 UTC
1189, 22, 279, 2011-03-18 18:02:23 UTC
1190, 8, 219, 2011-03-18 18:02:40 UTC
1191, 15, 181, 2011-03-18 18:02:57 UTC
1192, 3, 181, 2011-03-18 18:03:31 UTC
1193, 25, 219, 2011-03-18 18:07:13 UTC
1194, 27, 21, 2011-03-18 18:14:19 UTC
1195, 29, 279, 2011-03-18 18:16:13 UTC
1196, 17, 21, 2011-03-18 18:16:15 UTC
1197, 27, 181, 2011-03-18 18:16:50 UTC
1198, 24, 219, 2011-03-18 18:18:03 UTC
1199, 14, 252, 2011-03-18 18:18:10 UTC
1200, 26, 219, 2011-03-18 18:19:28 UTC
1201, 22, 181, 2011-03-18 18:19:44 UTC
1202, 31, 219, 2011-03-18 18:20:52 UTC
1203, 17, 21, 2011-03-18 18:22:12 UTC
1204, 8, 279, 2011-03-18 18:24:02 UTC
1205, 20, 219, 2011-03-18 18:24:47 UTC
1206, 15, 252, 2011-03-18 18:24:51 UTC
1207, 13, 279, 2011-03-18 18:25:27 UTC
1208, 20, 252, 2011-03-18 18:25:38 UTC
1209, 7, 236, 2011-03-18 18:27:38 UTC
1210, 28, 252, 2011-03-18 18:27:40 UTC
1211, 17, 236, 2011-03-18 18:28:20 UTC
1212, 28, 252, 2011-03-18 18:29:42 UTC
1213, 13, 252, 2011-03-18 18:29:57 UTC
1214, 15, 219, 2011-03-18 18:30:28 UTC
1215, 14, 252, 2011-03-18 18:30:39 UTC
1216, 13, 165, 2011-03-18 18:30:54 UTC
1217, 2, 236, 2011-03-18 18:31:23 UTC
1218, 16, 236, 2011-03-18 18:31:42 UTC
1219, 9, 252, 2011-03-18 18:31:50 UTC
1220, 24, 219, 2011-03-18 18:31:57 UTC
1221, 12, 236, 2011-03-18 18:32:28 UTC
1222, 7, 164, 2011-03-18 18:33:04 UTC
1223, 16, 219, 2011-03-18 18:33:20 UTC
1224, 12, 181, 2011-03-18 18:33:24 UTC
1225, 5, 236, 2011-03-18 18:34:46 UTC
1226, 12, 219, 2011-03-18 18:35:19 UTC
1227, 20, 219, 2011-03-18 18:37:01 UTC
1228, 29, 236, 2011-03-18 18:37:23 UTC
1229, 2, 165, 2011-03-18 18:37:54 UTC
1230, 18, 164, 2011-03-18 18:41:13 UTC
1231, 25, 252, 2011-03-18 18:42:04 UTC
1232, 31, 164, 2011-03-18 18:42:33 UTC
1233, 7, 165, 2011-03-18 18:43:05 UTC
1234, 29, 165, 2011-03-18 18:45:37 UTC
1235, 12, 138, 2011-03-18 18:45:46 UTC
1236, 31, 252, 2011-03-18 18:48:23 UTC
1237, 27, 165, 2011-03-18 18:49:10 UTC
1238, 4, 219, 2011-03-18 18:50:46 UTC
1239, 22, 165, 2011-03-18 18:51:23 UTC
1240, 23, 219, 2011-03-18 18:52:16 UTC
1241, 19, 290, 2011-03-18 18:52:24 UTC
1242, 22, 219, 2011-03-18 18:53:04 UTC
1243, 28, 165, 2011-03-18 18:53:11 UTC
1244, 17, 165, 2011-03-18 18:55:13 UTC
1245, 19, 165, 2011-03-18 18:57:30 UTC
1246, 26, 290, 2011-03-18 18:57:36 UTC
1247, 7, 219, 2011-03-18 18:58:12 UTC
1248, 6, 138, 2011-03-18 18:58:17 UTC
1249, 5, 165, 2011-03-18 18:59:18 UTC
1250, 23, 219, 2011-03-18 18:59:38 UTC
1251, 23, 165, 2011-03-18 19:01:00 UTC
1252, 27, 165, 2011-03-18 19:02:24 UTC
1253, 14, 165, 2011-03-18 19:03:48 UTC
1254, 8, 165, 2011-03-18 19:05:12 UTC
1255, 7, 165, 2011-03-18 19:07:21 UTC
1256, 16, 37, 2011-03-18 19:08:39 UTC
1259, 8, 165, 2011-03-18 19:11:47 UTC
1263, 29, 236, 2011-03-18 19:18:43 UTC
1277, 24, 236, 2011-03-18 19:34:58 UTC
1281, 6, 165, 2011-03-18 19:40:04 UTC
1288, 18, 165, 2011-03-18 19:58:01 UTC
1302, 27, 293, 2011-03-18 20:05:55 UTC
1303, 28, 219, 2011-03-18 20:07:03 UTC
1305, 26, 219, 2011-03-18 20:08:27 UTC
1307, 30, 219, 2011-03-18 20:11:51 UTC
1257, 20, 231, 2011-03-18 19:09:25 UTC
1269, 18, 165, 2011-03-18 19:25:29 UTC
1270, 22, 302, 2011-03-18 19:27:49 UTC
1258, 11, 165, 2011-03-18 19:09:38 UTC
1286, 7, 236, 2011-03-18 19:52:47 UTC
1292, 23, 219, 2011-03-18 20:02:43 UTC
1260, 17, 165, 2011-03-18 19:14:13 UTC
1284, 31, 165, 2011-03-18 19:46:16 UTC
1311, 19, 165, 2011-03-18 20:18:41 UTC
1261, 24, 236, 2011-03-18 19:14:20 UTC
1297, 3, 173, 2011-03-18 20:04:06 UTC
1304, 22, 165, 2011-03-18 20:07:14 UTC
1310, 10, 210, 2011-03-18 20:17:28 UTC
1262, 26, 236, 2011-03-18 19:15:13 UTC
1289, 5, 165, 2011-03-18 20:00:24 UTC
1308, 2, 219, 2011-03-18 20:13:12 UTC
1309, 21, 219, 2011-03-18 20:14:56 UTC
1264, 21, 302, 2011-03-18 19:18:49 UTC
1306, 8, 219, 2011-03-18 20:10:19 UTC
1313, 21, 173, 2011-03-18 20:18:51 UTC
1265, 6, 165, 2011-03-18 19:21:20 UTC
1268, 5, 302, 2011-03-18 19:24:24 UTC
1271, 14, 302, 2011-03-18 19:27:54 UTC
1272, 16, 165, 2011-03-18 19:28:58 UTC
1312, 8, 165, 2011-03-18 20:18:51 UTC
1266, 11, 236, 2011-03-18 19:22:05 UTC
1278, 8, 165, 2011-03-18 19:35:18 UTC
1282, 18, 236, 2011-03-18 19:42:47 UTC
1293, 6, 288, 2011-03-18 20:03:07 UTC
1294, 2, 293, 2011-03-18 20:03:13 UTC
1267, 18, 165, 2011-03-18 19:23:17 UTC
1273, 23, 236, 2011-03-18 19:29:41 UTC
1275, 7, 236, 2011-03-18 19:34:42 UTC
1276, 21, 236, 2011-03-18 19:34:49 UTC
1299, 6, 236, 2011-03-18 20:04:48 UTC
1274, 26, 236, 2011-03-18 19:31:03 UTC
1279, 14, 165, 2011-03-18 19:37:29 UTC
1290, 4, 293, 2011-03-18 20:00:36 UTC
1280, 14, 236, 2011-03-18 19:39:24 UTC
1287, 20, 281, 2011-03-18 19:54:26 UTC
1283, 9, 165, 2011-03-18 19:43:14 UTC
1298, 30, 219, 2011-03-18 20:04:17 UTC
1285, 7, 210, 2011-03-18 19:49:46 UTC
1291, 17, 219, 2011-03-18 20:00:47 UTC
1296, 9, 281, 2011-03-18 20:03:58 UTC
1314, 16, 210, 2011-03-18 20:19:19 UTC
1295, 7, 293, 2011-03-18 20:03:21 UTC
1300, 15, 165, 2011-03-18 20:05:22 UTC
1301, 4, 219, 2011-03-18 20:05:39 UTC
1315, 30, 165, 2011-03-18 20:20:47 UTC
1316, 19, 165, 2011-03-18 20:20:47 UTC
1317, 2, 165, 2011-03-18 20:20:49 UTC
1318, 10, 165, 2011-03-18 20:22:26 UTC
1319, 9, 165, 2011-03-18 20:23:52 UTC
1320, 3, 165, 2011-03-18 20:25:41 UTC
1321, 11, 165, 2011-03-18 20:26:48 UTC
1322, 12, 165, 2011-03-18 20:27:55 UTC
1323, 24, 165, 2011-03-18 20:29:24 UTC
1324, 19, 165, 2011-03-18 20:30:19 UTC
1325, 17, 165, 2011-03-18 20:30:22 UTC
1326, 25, 173, 2011-03-18 20:31:00 UTC
1327, 9, 165, 2011-03-18 20:31:01 UTC
1328, 28, 165, 2011-03-18 20:32:16 UTC
1329, 16, 210, 2011-03-18 20:33:38 UTC
1330, 28, 165, 2011-03-18 20:33:50 UTC
1331, 19, 165, 2011-03-18 20:35:07 UTC
1332, 25, 165, 2011-03-18 20:35:09 UTC
1333, 22, 210, 2011-03-18 20:43:46 UTC
1334, 7, 231, 2011-03-18 20:48:42 UTC
1335, 12, 177, 2011-03-18 20:54:52 UTC
1336, 16, 219, 2011-03-18 20:55:47 UTC
1337, 23, 219, 2011-03-18 20:57:12 UTC
1338, 8, 177, 2011-03-18 20:57:58 UTC
1339, 6, 219, 2011-03-18 20:58:37 UTC
1340, 22, 219, 2011-03-18 21:00:06 UTC
1341, 19, 177, 2011-03-18 21:00:58 UTC
1342, 20, 177, 2011-03-18 21:03:02 UTC
1343, 27, 231, 2011-03-18 21:23:39 UTC
1344, 14, 37, 2011-03-18 21:26:46 UTC
1345, 16, 231, 2011-03-18 21:28:41 UTC
1346, 22, 231, 2011-03-18 21:30:10 UTC
1347, 7, 37, 2011-03-18 21:30:57 UTC
1348, 20, 281, 2011-03-18 21:31:51 UTC
1349, 3, 288, 2011-03-18 21:32:09 UTC
1350, 8, 231, 2011-03-18 21:32:26 UTC
1351, 6, 281, 2011-03-18 21:34:02 UTC
1352, 3, 281, 2011-03-18 21:35:08 UTC
1353, 7, 37, 2011-03-18 21:35:59 UTC
1354, 13, 281, 2011-03-18 21:37:10 UTC
1355, 24, 231, 2011-03-18 21:37:49 UTC
1356, 23, 231, 2011-03-18 21:40:12 UTC
1357, 31, 271, 2011-03-18 21:57:44 UTC
1358, 17, 271, 2011-03-18 22:02:42 UTC
1359, 21, 110, 2011-03-18 22:15:47 UTC
1360, 10, 110, 2011-03-18 22:16:31 UTC
1361, 9, 110, 2011-03-18 22:17:07 UTC
1362, 28, 110, 2011-03-18 22:17:20 UTC
1363, 15, 110, 2011-03-18 22:17:30 UTC
1364, 4, 110, 2011-03-18 22:17:37 UTC
1365, 17, 110, 2011-03-18 22:17:54 UTC
1366, 23, 110, 2011-03-18 22:18:17 UTC
1367, 13, 110, 2011-03-18 22:18:30 UTC
1368, 25, 110, 2011-03-18 22:18:36 UTC
1369, 17, 110, 2011-03-18 22:19:01 UTC
1370, 10, 110, 2011-03-18 22:19:06 UTC
1371, 9, 110, 2011-03-18 22:19:14 UTC
1372, 5, 110, 2011-03-18 22:19:19 UTC
1373, 13, 110, 2011-03-18 22:19:27 UTC
1374, 24, 110, 2011-03-18 22:19:27 UTC
1375, 19, 110, 2011-03-18 22:19:44 UTC
1376, 20, 110, 2011-03-18 22:19:50 UTC
1377, 17, 110, 2011-03-18 22:20:18 UTC
1378, 10, 110, 2011-03-18 22:24:14 UTC
1379, 10, 110, 2011-03-18 22:26:30 UTC
1380, 31, 110, 2011-03-18 22:29:08 UTC
1381, 23, 110, 2011-03-18 22:31:14 UTC
1382, 19, 110, 2011-03-18 22:33:09 UTC
1383, 5, 110, 2011-03-18 22:37:57 UTC
1384, 21, 110, 2011-03-18 22:40:16 UTC
1385, 4, 110, 2011-03-18 22:44:54 UTC
1386, 22, 110, 2011-03-18 22:46:56 UTC
1387, 27, 110, 2011-03-18 22:51:48 UTC
1388, 9, 110, 2011-03-18 22:53:45 UTC
1389, 11, 136, 2011-03-18 22:54:37 UTC
1390, 5, 136, 2011-03-18 22:55:31 UTC
1391, 26, 110, 2011-03-18 22:56:13 UTC
1392, 27, 110, 2011-03-18 22:58:46 UTC
1393, 27, 136, 2011-03-18 23:00:44 UTC
1394, 25, 110, 2011-03-18 23:01:48 UTC
1395, 8, 110, 2011-03-18 23:04:15 UTC
1396, 15, 210, 2011-03-18 23:04:30 UTC
1397, 9, 110, 2011-03-18 23:06:33 UTC
1398, 22, 136, 2011-03-18 23:07:00 UTC
1399, 17, 205, 2011-03-18 23:07:16 UTC
1400, 24, 110, 2011-03-18 23:08:36 UTC
1401, 8, 110, 2011-03-18 23:10:37 UTC
1402, 11, 110, 2011-03-18 23:11:38 UTC
1403, 27, 110, 2011-03-18 23:11:44 UTC
1404, 20, 110, 2011-03-18 23:11:51 UTC
1405, 28, 210, 2011-03-18 23:12:05 UTC
1406, 9, 110, 2011-03-18 23:14:11 UTC
1407, 21, 136, 2011-03-18 23:14:40 UTC
1408, 31, 1, 2011-03-18 23:37:14 UTC
1409, 11, 195, 2011-03-18 23:42:05 UTC
1410, 13, 195, 2011-03-18 23:45:28 UTC
1411, 29, 195, 2011-03-18 23:45:42 UTC
1412, 11, 231, 2011-03-19 00:04:52 UTC
1413, 6, 195, 2011-03-19 00:21:56 UTC
1414, 27, 195, 2011-03-19 00:31:28 UTC
1415, 22, 302, 2011-03-19 00:58:08 UTC
1416, 27, 302, 2011-03-19 00:58:23 UTC
1417, 26, 302, 2011-03-19 01:01:47 UTC
1418, 2, 302, 2011-03-19 01:02:58 UTC
1419, 9, 100, 2011-03-19 01:47:25 UTC
1420, 8, 256, 2011-03-19 01:49:07 UTC
1421, 12, 256, 2011-03-19 01:50:10 UTC
1422, 2, 256, 2011-03-19 01:50:44 UTC
1423, 20, 100, 2011-03-19 01:52:40 UTC
1424, 31, 100, 2011-03-19 01:53:24 UTC
1425, 13, 100, 2011-03-19 01:54:25 UTC
1426, 3, 100, 2011-03-19 01:57:06 UTC
1427, 26, 256, 2011-03-19 01:57:53 UTC
1428, 24, 235, 2011-03-19 01:58:10 UTC
1429, 20, 100, 2011-03-19 02:03:26 UTC
1430, 5, 100, 2011-03-19 02:04:15 UTC
1431, 9, 100, 2011-03-19 02:16:03 UTC
1432, 16, 281, 2011-03-19 02:20:48 UTC
1458, 8, 231, 2011-03-19 04:12:21 UTC
1433, 21, 281, 2011-03-19 02:23:51 UTC
1446, 16, 219, 2011-03-19 03:21:54 UTC
1448, 7, 219, 2011-03-19 03:25:04 UTC
1453, 27, 219, 2011-03-19 03:31:57 UTC
1434, 11, 281, 2011-03-19 02:25:05 UTC
1435, 10, 256, 2011-03-19 02:26:57 UTC
1438, 3, 200, 2011-03-19 02:43:48 UTC
1444, 16, 219, 2011-03-19 03:21:44 UTC
1457, 12, 33, 2011-03-19 04:11:21 UTC
1436, 30, 256, 2011-03-19 02:32:32 UTC
1442, 20, 219, 2011-03-19 03:20:36 UTC
1465, 20, 231, 2011-03-19 05:49:54 UTC
1437, 9, 256, 2011-03-19 02:37:28 UTC
1469, 17, 1802, 2011-03-19 06:33:07 UTC
1439, 5, 256, 2011-03-19 02:45:29 UTC
1447, 23, 219, 2011-03-19 03:23:26 UTC
1440, 4, 256, 2011-03-19 02:50:16 UTC
1452, 11, 219, 2011-03-19 03:31:01 UTC
1464, 23, 1600, 2011-03-19 05:29:50 UTC
1470, 31, 1802, 2011-03-19 06:36:42 UTC
1441, 27, 219, 2011-03-19 03:17:06 UTC
1467, 11, 1802, 2011-03-19 06:24:10 UTC
1443, 9, 219, 2011-03-19 03:21:38 UTC
1450, 5, 219, 2011-03-19 03:26:39 UTC
1463, 11, 1600, 2011-03-19 05:28:58 UTC
1468, 14, 1802, 2011-03-19 06:29:04 UTC
1445, 8, 219, 2011-03-19 03:21:48 UTC
1459, 21, 26, 2011-03-19 04:20:11 UTC
1461, 21, 167, 2011-03-19 04:29:23 UTC
1466, 31, 1802, 2011-03-19 06:16:42 UTC
1449, 9, 219, 2011-03-19 03:25:09 UTC
1451, 28, 219, 2011-03-19 03:29:12 UTC
1462, 31, 293, 2011-03-19 04:29:28 UTC
1454, 24, 205, 2011-03-19 03:55:41 UTC
1455, 26, 205, 2011-03-19 03:59:43 UTC
1460, 14, 26, 2011-03-19 04:22:12 UTC
1456, 16, 231, 2011-03-19 04:08:27 UTC
1471, 3, 204, 2011-03-19 09:22:19 UTC
1472, 15, 204, 2011-03-19 09:37:02 UTC
1473, 16, 171, 2011-03-19 09:42:44 UTC
1474, 14, 102, 2011-03-19 09:55:56 UTC
1475, 15, 8, 2011-03-19 15:48:29 UTC
1476, 13, 110, 2011-03-19 16:39:47 UTC
1477, 2, 110, 2011-03-19 16:42:50 UTC
1478, 28, 197, 2011-03-19 16:45:06 UTC
1479, 14, 231, 2011-03-19 16:46:27 UTC
1480, 14, 197, 2011-03-19 16:46:29 UTC
1481, 11, 197, 2011-03-19 16:47:59 UTC
1482, 28, 110, 2011-03-19 16:55:31 UTC
1483, 10, 110, 2011-03-19 16:55:33 UTC
1484, 9, 29, 2011-03-19 18:25:46 UTC
1485, 3, 29, 2011-03-19 18:31:03 UTC
1486, 14, 177, 2011-03-19 18:51:33 UTC
1487, 7, 279, 2011-03-19 19:59:34 UTC
1488, 21, 164, 2011-03-19 20:05:04 UTC
1489, 14, 279, 2011-03-19 20:11:46 UTC
1490, 11, 279, 2011-03-19 20:17:52 UTC
1491, 31, 293, 2011-03-19 20:18:21 UTC
1492, 10, 279, 2011-03-19 20:25:07 UTC
1493, 5, 281, 2011-03-19 20:26:34 UTC
1494, 17, 279, 2011-03-19 20:30:36 UTC
1495, 12, 281, 2011-03-19 20:35:54 UTC
1496, 29, 281, 2011-03-19 20:39:28 UTC
1497, 18, 281, 2011-03-19 20:49:10 UTC
1498, 9, 281, 2011-03-19 20:51:07 UTC
1499, 19, 33, 2011-03-19 21:45:11 UTC
1500, 16, 286, 2011-03-19 22:40:05 UTC
1501, 27, 286, 2011-03-19 22:42:55 UTC
1502, 6, 15, 2011-03-19 22:49:41 UTC
1503, 11, 167, 2011-03-19 22:56:16 UTC
1504, 3, 167, 2011-03-19 22:56:46 UTC
1505, 13, 281, 2011-03-19 23:28:08 UTC
1506, 13, 346, 2011-03-20 01:30:45 UTC
1507, 8, 34, 2011-03-20 01:53:07 UTC
1508, 26, 256, 2011-03-20 02:18:02 UTC
1509, 2, 34, 2011-03-20 02:40:29 UTC
1510, 15, 281, 2011-03-20 03:17:27 UTC
1511, 19, 110, 2011-03-20 03:24:28 UTC
1512, 29, 110, 2011-03-20 03:25:29 UTC
1513, 27, 281, 2011-03-20 03:26:32 UTC
1514, 12, 281, 2011-03-20 03:36:42 UTC
1515, 4, 235, 2011-03-20 04:39:09 UTC
1516, 11, 29, 2011-03-20 04:43:55 UTC
1517, 17, 29, 2011-03-20 04:44:51 UTC
1518, 9, 29, 2011-03-20 04:46:54 UTC
1519, 10, 235, 2011-03-20 04:48:27 UTC
1520, 14, 29, 2011-03-20 04:49:07 UTC
1521, 21, 29, 2011-03-20 04:49:57 UTC
1522, 25, 219, 2011-03-20 05:18:35 UTC
1523, 31, 219, 2011-03-20 05:19:26 UTC
1524, 16, 219, 2011-03-20 05:22:52 UTC
1525, 31, 1, 2011-03-20 05:26:05 UTC
1526, 4, 279, 2011-03-20 05:38:18 UTC
1527, 21, 231, 2011-03-20 06:22:18 UTC
1528, 7, 231, 2011-03-20 06:26:06 UTC
1529, 6, 873, 2011-03-20 11:12:22 UTC
1530, 28, 181, 2011-03-20 14:21:18 UTC
1531, 8, 210, 2011-03-20 15:38:20 UTC
1532, 11, 210, 2011-03-20 15:44:16 UTC
1533, 18, 209, 2011-03-20 15:48:19 UTC
1534, 30, 2028, 2011-03-20 16:06:04 UTC
1535, 14, 2028, 2011-03-20 16:06:43 UTC
1536, 25, 231, 2011-03-20 16:49:20 UTC
1537, 8, 231, 2011-03-20 16:51:21 UTC
1538, 16, 231, 2011-03-20 16:52:35 UTC
1539, 9, 231, 2011-03-20 16:53:34 UTC
1540, 10, 1802, 2011-03-20 18:27:10 UTC
1541, 8, 1802, 2011-03-20 18:30:32 UTC
1542, 24, 29, 2011-03-20 18:33:21 UTC
1543, 2, 1802, 2011-03-20 18:34:12 UTC
1544, 5, 1802, 2011-03-20 18:37:55 UTC
1545, 20, 219, 2011-03-20 19:00:21 UTC
1546, 27, 219, 2011-03-20 19:00:35 UTC
1547, 15, 281, 2011-03-20 19:18:17 UTC
1548, 5, 170, 2011-03-20 20:27:53 UTC
1549, 29, 170, 2011-03-20 20:29:55 UTC
1550, 21, 170, 2011-03-20 20:34:00 UTC
1551, 27, 170, 2011-03-20 20:35:40 UTC
1552, 19, 164, 2011-03-20 21:07:23 UTC
1553, 9, 209, 2011-03-20 21:14:22 UTC
1554, 20, 209, 2011-03-20 21:23:04 UTC
1555, 12, 209, 2011-03-20 21:45:35 UTC
1556, 22, 209, 2011-03-20 21:48:18 UTC
1557, 26, 209, 2011-03-20 21:52:32 UTC
1558, 13, 219, 2011-03-20 22:10:03 UTC
1559, 12, 219, 2011-03-20 22:11:54 UTC
1560, 6, 219, 2011-03-20 22:12:36 UTC
1561, 7, 83, 2011-03-21 00:03:18 UTC
1562, 31, 181, 2011-03-21 00:06:40 UTC
1563, 30, 216, 2011-03-21 00:33:31 UTC
1564, 27, 216, 2011-03-21 00:40:49 UTC
1565, 17, 216, 2011-03-21 00:42:03 UTC
1566, 22, 181, 2011-03-21 00:52:19 UTC
1567, 12, 181, 2011-03-21 00:55:10 UTC
1568, 26, 1629, 2011-03-21 01:22:07 UTC
1569, 2, 170, 2011-03-21 02:12:26 UTC
1570, 25, 170, 2011-03-21 02:13:55 UTC
1571, 31, 170, 2011-03-21 02:14:09 UTC
1572, 22, 219, 2011-03-21 03:40:59 UTC
1573, 11, 219, 2011-03-21 03:41:51 UTC
1574, 26, 219, 2011-03-21 03:42:01 UTC
1575, 12, 164, 2011-03-21 04:16:46 UTC
1576, 30, 164, 2011-03-21 04:19:57 UTC
1577, 26, 164, 2011-03-21 04:22:35 UTC
1578, 10, 164, 2011-03-21 04:25:46 UTC
1579, 8, 102, 2011-03-21 04:38:39 UTC
1580, 5, 281, 2011-03-21 05:49:33 UTC
1581, 30, 281, 2011-03-21 05:54:09 UTC
1582, 20, 2028, 2011-03-21 12:26:04 UTC
1583, 13, 2028, 2011-03-21 12:28:04 UTC
1584, 27, 102, 2011-03-21 14:35:37 UTC
1585, 10, 304, 2011-03-21 15:06:52 UTC
1586, 25, 304, 2011-03-21 15:55:58 UTC
1587, 25, 164, 2011-03-21 16:24:43 UTC
1588, 31, 252, 2011-03-21 16:36:52 UTC
1589, 18, 252, 2011-03-21 16:46:34 UTC
1590, 17, 252, 2011-03-21 16:49:56 UTC
1591, 24, 73, 2011-03-21 18:39:19 UTC
1592, 31, 231, 2011-03-21 20:06:29 UTC
1593, 18, 231, 2011-03-21 20:36:08 UTC
1596, 14, 231, 2011-03-21 21:11:05 UTC
1599, 7, 231, 2011-03-21 21:27:26 UTC
1602, 20, 2211, 2011-03-21 23:51:22 UTC
1614, 3, 2211, 2011-03-22 00:14:16 UTC
1615, 28, 209, 2011-03-22 01:20:41 UTC
1617, 10, 209, 2011-03-22 02:08:33 UTC
1618, 17, 209, 2011-03-22 02:08:44 UTC
1619, 21, 209, 2011-03-22 02:32:57 UTC
1620, 27, 227, 2011-03-22 03:54:43 UTC
1622, 4, 293, 2011-03-22 04:46:21 UTC
1629, 2, 2211, 2011-03-22 05:42:27 UTC
1594, 31, 231, 2011-03-21 20:53:37 UTC
1595, 8, 231, 2011-03-21 20:58:32 UTC
1597, 26, 110, 2011-03-21 21:11:53 UTC
1598, 20, 231, 2011-03-21 21:25:23 UTC
1605, 26, 2211, 2011-03-22 00:00:09 UTC
1607, 5, 2211, 2011-03-22 00:00:16 UTC
1609, 30, 2211, 2011-03-22 00:00:22 UTC
1613, 13, 2211, 2011-03-22 00:14:12 UTC
1623, 10, 293, 2011-03-22 04:48:27 UTC
1600, 25, 273, 2011-03-21 22:40:47 UTC
1601, 8, 2211, 2011-03-21 23:51:20 UTC
1604, 27, 2211, 2011-03-21 23:59:10 UTC
1603, 20, 2211, 2011-03-21 23:56:07 UTC
1606, 27, 2211, 2011-03-22 00:00:13 UTC
1616, 27, 209, 2011-03-22 02:01:03 UTC
1625, 31, 293, 2011-03-22 04:58:50 UTC
1633, 15, 2211, 2011-03-22 05:43:56 UTC
1608, 27, 2211, 2011-03-22 00:00:20 UTC
1610, 8, 2211, 2011-03-22 00:00:26 UTC
1611, 7, 2211, 2011-03-22 00:00:29 UTC
1612, 14, 2211, 2011-03-22 00:14:11 UTC
1627, 26, 293, 2011-03-22 05:03:30 UTC
1628, 31, 293, 2011-03-22 05:04:41 UTC
1630, 6, 2211, 2011-03-22 05:42:37 UTC
1632, 20, 2211, 2011-03-22 05:43:51 UTC
1621, 22, 293, 2011-03-22 04:41:48 UTC
1624, 11, 293, 2011-03-22 04:54:49 UTC
1626, 11, 293, 2011-03-22 05:00:08 UTC
1631, 20, 2211, 2011-03-22 05:42:44 UTC
1634, 16, 293, 2011-03-22 13:40:11 UTC
1635, 15, 293, 2011-03-22 13:41:57 UTC
1636, 18, 293, 2011-03-22 13:43:17 UTC
1637, 29, 293, 2011-03-22 13:47:43 UTC
1638, 26, 134, 2011-03-22 15:16:39 UTC
1639, 19, 219, 2011-03-22 16:56:17 UTC
1640, 18, 219, 2011-03-22 16:58:13 UTC
1641, 2, 219, 2011-03-22 16:58:58 UTC
1642, 14, 219, 2011-03-22 17:00:26 UTC
1643, 23, 219, 2011-03-22 17:03:23 UTC
1644, 21, 219, 2011-03-22 17:04:05 UTC
1645, 2, 219, 2011-03-22 17:04:38 UTC
1646, 5, 219, 2011-03-22 17:04:40 UTC
1647, 26, 219, 2011-03-22 17:04:42 UTC
1648, 28, 219, 2011-03-22 17:06:21 UTC
1649, 31, 219, 2011-03-22 17:07:49 UTC
1650, 17, 219, 2011-03-22 17:12:09 UTC
1651, 3, 219, 2011-03-22 17:13:47 UTC
1652, 4, 210, 2011-03-22 17:31:04 UTC
1653, 21, 73, 2011-03-22 18:47:12 UTC
1654, 6, 273, 2011-03-22 22:05:21 UTC
1655, 27, 29, 2011-03-23 01:09:32 UTC
1656, 31, 293, 2011-03-23 03:22:20 UTC
1657, 28, 293, 2011-03-23 03:22:54 UTC
1658, 10, 293, 2011-03-23 03:23:44 UTC
1659, 29, 1, 2011-03-23 05:08:24 UTC
1660, 4, 281, 2011-03-23 05:36:38 UTC
1661, 23, 110, 2011-03-23 12:57:07 UTC
1662, 4, 110, 2011-03-23 12:57:18 UTC
1663, 17, 110, 2011-03-23 12:57:22 UTC
1664, 23, 110, 2011-03-23 12:57:24 UTC
1665, 12, 110, 2011-03-23 12:57:25 UTC
1666, 17, 110, 2011-03-23 12:57:25 UTC
1667, 29, 110, 2011-03-23 12:57:27 UTC
1668, 8, 252, 2011-03-23 13:20:52 UTC
1669, 16, 290, 2011-03-23 13:47:13 UTC
1670, 14, 181, 2011-03-23 14:03:29 UTC
1671, 24, 181, 2011-03-23 14:07:17 UTC
1672, 18, 8, 2011-03-23 17:13:47 UTC
1673, 5, 29, 2011-03-23 17:36:34 UTC
1674, 27, 29, 2011-03-23 17:37:45 UTC
1675, 22, 29, 2011-03-23 17:59:14 UTC
1676, 10, 29, 2011-03-23 18:00:03 UTC
1677, 17, 29, 2011-03-23 18:00:11 UTC
1678, 20, 29, 2011-03-23 18:00:23 UTC
1679, 7, 29, 2011-03-23 18:00:32 UTC
1680, 2, 29, 2011-03-23 18:00:37 UTC
1681, 30, 220, 2011-03-23 18:15:49 UTC
1682, 12, 220, 2011-03-23 18:17:04 UTC
1683, 2, 220, 2011-03-23 18:21:24 UTC
1684, 17, 220, 2011-03-23 18:21:32 UTC
1685, 11, 29, 2011-03-23 18:45:13 UTC
1686, 26, 29, 2011-03-23 18:48:57 UTC
1687, 15, 29, 2011-03-23 18:51:57 UTC
1688, 29, 9, 2011-03-23 18:54:46 UTC
1689, 15, 29, 2011-03-23 18:55:02 UTC
1690, 3, 29, 2011-03-23 19:19:41 UTC
1691, 13, 37, 2011-03-23 19:20:08 UTC
1692, 26, 29, 2011-03-23 19:20:17 UTC
1693, 2, 29, 2011-03-23 19:24:44 UTC
1694, 29, 8, 2011-03-23 19:31:01 UTC
1695, 31, 9, 2011-03-23 19:50:29 UTC
1696, 14, 29, 2011-03-23 19:50:57 UTC
1697, 25, 29, 2011-03-23 19:53:25 UTC
1698, 10, 29, 2011-03-23 19:53:54 UTC
1699, 27, 29, 2011-03-23 19:54:18 UTC
1700, 7, 9, 2011-03-23 19:54:22 UTC
1701, 9, 29, 2011-03-23 19:55:00 UTC
1702, 17, 29, 2011-03-23 19:55:09 UTC
1703, 12, 29, 2011-03-23 19:57:48 UTC
1704, 26, 29, 2011-03-23 19:58:24 UTC
1705, 27, 290, 2011-03-23 19:58:46 UTC
1706, 9, 9, 2011-03-23 19:59:49 UTC
1707, 12, 29, 2011-03-23 20:00:24 UTC
1708, 19, 29, 2011-03-23 20:00:33 UTC
1709, 15, 29, 2011-03-23 20:01:54 UTC
1710, 23, 9, 2011-03-23 20:01:58 UTC
1711, 15, 9, 2011-03-23 20:03:06 UTC
1712, 31, 290, 2011-03-23 20:03:32 UTC
1713, 13, 29, 2011-03-23 20:04:25 UTC
1714, 19, 29, 2011-03-23 20:04:27 UTC
1715, 4, 29, 2011-03-23 20:04:32 UTC
1716, 21, 9, 2011-03-23 20:04:47 UTC
1717, 21, 29, 2011-03-23 20:30:19 UTC
1718, 10, 29, 2011-03-23 20:30:21 UTC
1719, 7, 304, 2011-03-23 20:39:43 UTC
1720, 16, 86, 2011-03-23 22:14:32 UTC
1721, 28, 252, 2011-03-23 22:40:21 UTC
1722, 26, 1899, 2011-03-24 01:09:05 UTC
1723, 30, 1899, 2011-03-24 01:16:53 UTC
1724, 5, 1899, 2011-03-24 02:59:36 UTC
1725, 3, 1899, 2011-03-24 03:02:26 UTC
1726, 12, 164, 2011-03-24 03:54:50 UTC
1727, 29, 279, 2011-03-24 06:46:13 UTC
1728, 25, 279, 2011-03-24 07:25:06 UTC
1729, 5, 279, 2011-03-24 07:33:30 UTC
1730, 14, 279, 2011-03-24 07:51:16 UTC
1731, 27, 279, 2011-03-24 14:11:25 UTC
1732, 26, 279, 2011-03-24 14:13:07 UTC
1733, 24, 29, 2011-03-24 21:24:07 UTC
1734, 6, 29, 2011-03-24 21:24:34 UTC
1735, 6, 29, 2011-03-24 21:24:42 UTC
1736, 12, 29, 2011-03-24 21:24:49 UTC
1737, 3, 29, 2011-03-24 21:24:55 UTC
1738, 25, 29, 2011-03-24 21:25:01 UTC
1739, 2, 29, 2011-03-24 21:25:23 UTC
1740, 30, 106, 2011-03-24 23:12:20 UTC
1741, 26, 106, 2011-03-24 23:14:04 UTC
1742, 6, 106, 2011-03-24 23:14:19 UTC
1743, 28, 106, 2011-03-24 23:16:12 UTC
1744, 31, 106, 2011-03-24 23:16:22 UTC
1745, 12, 106, 2011-03-24 23:17:45 UTC
1746, 3, 106, 2011-03-24 23:20:11 UTC
1747, 31, 106, 2011-03-24 23:20:56 UTC
1748, 20, 106, 2011-03-24 23:21:01 UTC
1749, 8, 106, 2011-03-24 23:21:23 UTC
1750, 27, 106, 2011-03-24 23:23:28 UTC
1751, 8, 346, 2011-03-25 00:06:29 UTC
1752, 7, 346, 2011-03-25 00:08:31 UTC
1753, 17, 15, 2011-03-25 00:14:15 UTC
1761, 8, 106, 2011-03-25 00:49:11 UTC
1795, 13, 106, 2011-03-25 01:24:53 UTC
1754, 9, 15, 2011-03-25 00:20:43 UTC
1767, 19, 106, 2011-03-25 01:20:00 UTC
1771, 8, 106, 2011-03-25 01:21:37 UTC
1787, 18, 106, 2011-03-25 01:22:02 UTC
1788, 2, 106, 2011-03-25 01:22:03 UTC
1792, 19, 9, 2011-03-25 01:24:36 UTC
1794, 13, 106, 2011-03-25 01:24:45 UTC
1755, 24, 106, 2011-03-25 00:35:21 UTC
1791, 28, 106, 2011-03-25 01:24:35 UTC
1756, 15, 106, 2011-03-25 00:35:25 UTC
1765, 7, 106, 2011-03-25 00:50:59 UTC
1772, 10, 106, 2011-03-25 01:21:38 UTC
1790, 24, 9, 2011-03-25 01:23:58 UTC
1757, 22, 9, 2011-03-25 00:41:59 UTC
1758, 30, 9, 2011-03-25 00:42:37 UTC
1768, 28, 106, 2011-03-25 01:20:08 UTC
1801, 23, 106, 2011-03-25 01:26:41 UTC
1803, 15, 106, 2011-03-25 01:27:07 UTC
1805, 13, 106, 2011-03-25 01:27:15 UTC
1759, 23, 9, 2011-03-25 00:42:51 UTC
1775, 26, 106, 2011-03-25 01:21:42 UTC
1782, 10, 106, 2011-03-25 01:21:53 UTC
1760, 3, 106, 2011-03-25 00:49:06 UTC
1762, 23, 106, 2011-03-25 00:49:17 UTC
1800, 15, 106, 2011-03-25 01:25:55 UTC
1804, 31, 106, 2011-03-25 01:27:09 UTC
1808, 26, 106, 2011-03-25 01:31:42 UTC
1763, 2, 216, 2011-03-25 00:50:14 UTC
1764, 14, 106, 2011-03-25 00:50:32 UTC
1776, 8, 106, 2011-03-25 01:21:43 UTC
1784, 31, 106, 2011-03-25 01:21:57 UTC
1786, 12, 106, 2011-03-25 01:22:00 UTC
1789, 8, 106, 2011-03-25 01:22:04 UTC
1793, 25, 106, 2011-03-25 01:24:40 UTC
1797, 3, 106, 2011-03-25 01:25:07 UTC
1766, 9, 106, 2011-03-25 00:51:05 UTC
1769, 13, 106, 2011-03-25 01:21:27 UTC
1770, 11, 106, 2011-03-25 01:21:35 UTC
1777, 5, 106, 2011-03-25 01:21:45 UTC
1778, 16, 106, 2011-03-25 01:21:46 UTC
1798, 15, 106, 2011-03-25 01:25:23 UTC
1799, 18, 106, 2011-03-25 01:25:44 UTC
1773, 29, 106, 2011-03-25 01:21:39 UTC
1779, 14, 106, 2011-03-25 01:21:47 UTC
1802, 21, 106, 2011-03-25 01:27:01 UTC
1807, 23, 9, 2011-03-25 01:29:41 UTC
1774, 6, 106, 2011-03-25 01:21:41 UTC
1780, 9, 106, 2011-03-25 01:21:49 UTC
1781, 4, 106, 2011-03-25 01:21:52 UTC
1783, 22, 106, 2011-03-25 01:21:55 UTC
1785, 18, 106, 2011-03-25 01:21:58 UTC
1796, 20, 106, 2011-03-25 01:24:58 UTC
1806, 3, 9, 2011-03-25 01:27:54 UTC
1809, 19, 222, 2011-03-25 06:24:10 UTC
1810, 24, 222, 2011-03-25 06:25:05 UTC
1811, 21, 134, 2011-03-25 08:23:21 UTC
1812, 6, 9, 2011-03-25 17:29:58 UTC
1813, 19, 9, 2011-03-25 17:30:06 UTC
1814, 28, 9, 2011-03-25 17:30:09 UTC
1815, 15, 9, 2011-03-25 17:30:10 UTC
1816, 24, 9, 2011-03-25 17:30:12 UTC
1817, 21, 9, 2011-03-25 17:30:14 UTC
1818, 29, 9, 2011-03-25 17:30:16 UTC
1819, 8, 9, 2011-03-25 17:30:18 UTC
1820, 29, 9, 2011-03-25 17:30:19 UTC
1821, 3, 9, 2011-03-25 17:30:21 UTC
1822, 31, 9, 2011-03-25 17:30:23 UTC
1823, 31, 9, 2011-03-25 17:30:25 UTC
1824, 16, 9, 2011-03-25 17:30:27 UTC
1825, 23, 9, 2011-03-25 17:30:29 UTC
1826, 28, 9, 2011-03-25 17:31:35 UTC
1827, 23, 9, 2011-03-25 17:31:35 UTC
1828, 3, 9, 2011-03-25 17:31:38 UTC
1829, 2, 9, 2011-03-25 17:31:44 UTC
1830, 20, 9, 2011-03-25 17:31:47 UTC
1831, 5, 9, 2011-03-25 17:31:58 UTC
1832, 23, 9, 2011-03-25 17:32:03 UTC
1833, 15, 9, 2011-03-25 17:36:36 UTC
1834, 6, 9, 2011-03-25 17:36:40 UTC
1835, 18, 9, 2011-03-25 17:36:43 UTC
1836, 5, 9, 2011-03-25 17:36:46 UTC
1837, 27, 9, 2011-03-25 17:36:47 UTC
1838, 30, 9, 2011-03-25 17:36:49 UTC
1839, 7, 9, 2011-03-25 17:36:51 UTC
1840, 11, 281, 2011-03-25 18:16:11 UTC
1841, 15, 293, 2011-03-25 18:34:36 UTC
1842, 23, 293, 2011-03-25 18:36:19 UTC
1843, 30, 293, 2011-03-25 18:37:36 UTC
1844, 30, 293, 2011-03-25 18:38:47 UTC
1845, 30, 9, 2011-03-25 20:38:07 UTC
1846, 26, 9, 2011-03-25 20:38:35 UTC
1847, 8, 9, 2011-03-25 20:41:15 UTC
1848, 3, 53, 2011-03-25 23:34:42 UTC
1849, 25, 53, 2011-03-25 23:37:32 UTC
1850, 23, 2028, 2011-03-26 00:30:11 UTC
1851, 4, 2028, 2011-03-26 00:33:55 UTC
1852, 30, 111, 2011-03-26 07:27:38 UTC
1853, 23, 111, 2011-03-26 07:43:14 UTC
1854, 22, 111, 2011-03-26 08:11:06 UTC
1855, 3, 111, 2011-03-26 08:22:11 UTC
1856, 14, 111, 2011-03-26 08:25:55 UTC
1857, 30, 111, 2011-03-26 08:29:31 UTC
1858, 10, 279, 2011-03-26 17:14:17 UTC
1859, 12, 279, 2011-03-26 17:15:17 UTC
1860, 2, 279, 2011-03-26 17:20:50 UTC
1861, 29, 279, 2011-03-26 17:32:27 UTC
1862, 5, 73, 2011-03-26 18:01:28 UTC
1863, 31, 293, 2011-03-26 20:29:00 UTC
1864, 21, 293, 2011-03-26 20:30:12 UTC
1865, 2, 293, 2011-03-26 20:30:49 UTC
1866, 20, 293, 2011-03-26 20:32:03 UTC
1867, 3, 293, 2011-03-26 20:33:09 UTC
1868, 3, 293, 2011-03-26 20:34:21 UTC
1869, 16, 293, 2011-03-26 20:35:33 UTC
1870, 31, 293, 2011-03-26 20:36:45 UTC
1871, 16, 293, 2011-03-26 20:37:58 UTC
1872, 22, 222, 2011-03-26 20:43:22 UTC
1873, 25, 205, 2011-03-26 21:28:18 UTC
1874, 13, 111, 2011-03-27 08:00:29 UTC
1875, 10, 111, 2011-03-27 08:06:44 UTC
1876, 10, 111, 2011-03-27 08:10:37 UTC
1877, 2, 111, 2011-03-27 08:10:48 UTC
1878, 10, 111, 2011-03-27 08:16:11 UTC
1879, 23, 111, 2011-03-27 08:16:22 UTC
1880, 30, 111, 2011-03-27 08:22:21 UTC
1881, 11, 209, 2011-03-27 22:50:36 UTC
1882, 24, 238, 2011-03-28 00:51:06 UTC
1883, 18, 238, 2011-03-28 00:53:42 UTC
1884, 20, 205, 2011-03-28 04:25:16 UTC
1885, 31, 205, 2011-03-28 04:25:47 UTC
1886, 11, 205, 2011-03-28 04:26:10 UTC
1887, 13, 279, 2011-03-28 16:14:11 UTC
1888, 22, 279, 2011-03-28 16:24:40 UTC
1889, 6, 279, 2011-03-28 16:28:34 UTC
1890, 7, 136, 2011-03-29 06:30:50 UTC
1891, 16, 136, 2011-03-29 06:31:19 UTC
1892, 22, 136, 2011-03-29 06:31:46 UTC
1893, 8, 136, 2011-03-29 06:32:14 UTC
1894, 9, 136, 2011-03-29 06:32:24 UTC
1895, 22, 136, 2011-03-29 06:34:00 UTC
1896, 19, 136, 2011-03-29 06:34:16 UTC
1897, 27, 136, 2011-03-29 06:34:28 UTC
1898, 2, 136, 2011-03-29 06:36:27 UTC
1899, 2, 136, 2011-03-29 06:36:31 UTC
1900, 14, 136, 2011-03-29 06:37:14 UTC
1901, 23, 136, 2011-03-29 06:45:43 UTC
1902, 11, 204, 2011-03-29 14:43:44 UTC
1903, 20, 29, 2011-03-29 17:07:40 UTC
1904, 18, 9, 2011-03-29 17:09:11 UTC
1905, 27, 9, 2011-03-29 17:15:34 UTC
1906, 16, 9, 2011-03-29 17:27:33 UTC
1907, 3, 9, 2011-03-29 17:35:07 UTC
1908, 2, 9, 2011-03-29 17:43:04 UTC
1909, 22, 9, 2011-03-29 17:57:25 UTC
1910, 15, 9, 2011-03-29 18:05:34 UTC
1911, 28, 9, 2011-03-29 18:24:06 UTC
1912, 5, 15, 2011-03-29 18:40:38 UTC
1913, 26, 15, 2011-03-29 18:41:45 UTC
1914, 18, 9, 2011-03-29 18:43:09 UTC
1915, 7, 53, 2011-03-29 19:34:59 UTC
1916, 9, 9, 2011-03-29 19:50:51 UTC
1917, 16, 3135, 2011-03-29 19:57:49 UTC
1918, 29, 9, 2011-03-29 19:59:05 UTC
1919, 10, 9, 2011-03-29 20:30:19 UTC
1920, 8, 346, 2011-03-29 20:30:50 UTC
1921, 22, 9, 2011-03-29 21:13:22 UTC
1922, 2, 9, 2011-03-29 21:13:47 UTC
1923, 12, 9, 2011-03-29 21:43:16 UTC
1924, 6, 9, 2011-03-29 22:08:50 UTC
1925, 27, 9, 2011-03-30 02:40:57 UTC
1926, 6, 1, 2011-03-30 03:30:18 UTC
1927, 7, 209, 2011-03-30 03:32:08 UTC
1928, 2, 256, 2011-03-30 14:13:36 UTC
1929, 23, 3164, 2011-03-30 15:13:00 UTC
1930, 12, 197, 2011-03-30 15:18:55 UTC
1931, 12, 346, 2011-03-30 16:44:27 UTC
1932, 16, 346, 2011-03-30 16:44:48 UTC
1933, 19, 346, 2011-03-30 16:44:51 UTC
1934, 18, 346, 2011-03-30 16:44:54 UTC
1935, 28, 346, 2011-03-30 16:45:02 UTC
1936, 9, 346, 2011-03-30 16:45:04 UTC
1937, 19, 346, 2011-03-30 16:45:05 UTC
1938, 21, 346, 2011-03-30 16:47:59 UTC
1939, 7, 346, 2011-03-30 16:48:14 UTC
1940, 10, 346, 2011-03-30 16:48:17 UTC
1941, 4, 346, 2011-03-30 16:49:48 UTC
1942, 17, 346, 2011-03-30 16:50:11 UTC
1943, 3, 346, 2011-03-30 16:50:15 UTC
1944, 19, 346, 2011-03-30 16:50:17 UTC
1945, 14, 346, 2011-03-30 16:50:18 UTC
1946, 20, 346, 2011-03-30 16:50:19 UTC
1947, 14, 9, 2011-03-30 17:12:35 UTC
1948, 7, 176, 2011-03-30 17:46:17 UTC
1949, 5, 9, 2011-03-30 18:18:24 UTC
1950, 14, 9, 2011-03-30 18:18:26 UTC
1951, 21, 9, 2011-03-30 18:18:27 UTC
1952, 26, 9, 2011-03-30 18:18:30 UTC
1953, 18, 9, 2011-03-30 18:18:33 UTC
1954, 12, 9, 2011-03-30 18:18:37 UTC
1955, 10, 9, 2011-03-30 18:18:41 UTC
1956, 11, 9, 2011-03-30 18:20:32 UTC
1957, 21, 9, 2011-03-30 18:20:54 UTC
1958, 8, 9, 2011-03-30 18:21:00 UTC
1959, 5, 9, 2011-03-30 18:21:06 UTC
1960, 9, 9, 2011-03-30 18:21:10 UTC
1961, 15, 9, 2011-03-30 18:21:15 UTC
1962, 10, 9, 2011-03-30 18:21:20 UTC
1963, 13, 9, 2011-03-30 18:21:26 UTC
1964, 27, 9, 2011-03-30 18:21:29 UTC
1965, 6, 9, 2011-03-30 18:23:26 UTC
1966, 8, 9, 2011-03-30 19:00:02 UTC
1967, 8, 9, 2011-03-30 19:00:14 UTC
1968, 10, 9, 2011-03-30 19:00:21 UTC
1969, 27, 9, 2011-03-30 19:00:27 UTC
1970, 21, 9, 2011-03-30 19:00:35 UTC
1971, 29, 176, 2011-03-30 19:22:04 UTC
1972, 22, 9, 2011-03-30 20:13:55 UTC
1973, 2, 33, 2011-03-30 22:13:56 UTC
1974, 14, 33, 2011-03-30 22:38:41 UTC
1975, 17, 197, 2011-03-31 00:41:28 UTC
1976, 24, 1899, 2011-03-31 00:42:04 UTC
1977, 6, 3164, 2011-03-31 01:13:48 UTC
1978, 5, 3164, 2011-03-31 01:15:07 UTC
1979, 5, 115, 2011-03-31 04:58:05 UTC
1980, 4, 219, 2011-03-31 16:41:51 UTC
1981, 7, 219, 2011-03-31 16:44:31 UTC
1982, 24, 219, 2011-03-31 16:45:56 UTC
1983, 2, 219, 2011-03-31 16:45:59 UTC
1984, 15, 219, 2011-03-31 16:46:04 UTC
1985, 22, 219, 2011-03-31 16:47:45 UTC
1986, 9, 219, 2011-03-31 16:48:30 UTC
1987, 26, 281, 2011-03-31 17:34:19 UTC
1988, 22, 176, 2011-03-31 17:34:48 UTC
1989, 14, 279, 2011-03-31 19:40:10 UTC
1990, 29, 873, 2011-03-31 22:15:04 UTC
1991, 5, 1899, 2011-04-01 13:43:34 UTC
1992, 30, 1899, 2011-04-01 13:49:41 UTC
1993, 18, 1899, 2011-04-01 13:54:15 UTC
1994, 3, 1899, 2011-04-01 13:55:36 UTC
1995, 22, 422, 2011-04-01 19:44:42 UTC
1996, 21, 1802, 2011-04-01 22:48:29 UTC
1997, 9, 1802, 2011-04-01 22:49:16 UTC
1998, 17, 1802, 2011-04-01 22:51:58 UTC
1999, 25, 1802, 2011-04-01 22:54:54 UTC
2000, 16, 1802, 2011-04-01 22:57:55 UTC
2001, 19, 21, 2011-04-02 13:26:32 UTC
2002, 7, 21, 2011-04-02 13:28:22 UTC
2003, 29, 29, 2011-04-02 17:33:24 UTC
2004, 6, 256, 2011-04-02 17:56:55 UTC
2005, 23, 256, 2011-04-02 17:59:38 UTC
2006, 31, 256, 2011-04-02 18:03:19 UTC
2007, 23, 197, 2011-04-03 00:13:11 UTC
2008, 26, 205, 2011-04-03 17:35:03 UTC
2009, 8, 231, 2011-04-03 22:23:52 UTC
2010, 12, 231, 2011-04-03 22:24:40 UTC
2011, 15, 231, 2011-04-03 22:25:12 UTC
2012, 5, 231, 2011-04-03 22:25:35 UTC
2013, 21, 231, 2011-04-03 22:25:51 UTC
2014, 5, 231, 2011-04-03 22:28:28 UTC
2015, 11, 126, 2011-04-03 23:42:28 UTC
2016, 28, 209, 2011-04-04 00:19:47 UTC
2017, 22, 227, 2011-04-04 01:07:51 UTC
2018, 10, 29, 2011-04-04 08:25:03 UTC
2019, 10, 29, 2011-04-04 08:27:59 UTC
2020, 9, 126, 2011-04-04 09:38:43 UTC
2021, 2, 29, 2011-04-04 09:58:28 UTC
2022, 8, 29, 2011-04-04 10:07:23 UTC
2023, 16, 29, 2011-04-04 10:35:18 UTC
2024, 21, 29, 2011-04-04 10:42:31 UTC
2025, 23, 29, 2011-04-04 12:26:28 UTC
2026, 6, 29, 2011-04-04 12:29:31 UTC
2027, 21, 219, 2011-04-04 20:11:06 UTC
2028, 20, 219, 2011-04-04 20:12:06 UTC
2029, 30, 219, 2011-04-04 20:12:22 UTC
2030, 20, 219, 2011-04-04 20:12:26 UTC
2031, 23, 219, 2011-04-04 20:12:30 UTC
2032, 29, 219, 2011-04-04 20:12:35 UTC
2033, 23, 219, 2011-04-04 20:14:01 UTC
2034, 11, 219, 2011-04-04 20:14:03 UTC
2035, 19, 219, 2011-04-04 20:14:05 UTC
2036, 31, 219, 2011-04-04 20:14:20 UTC
2037, 2, 219, 2011-04-04 20:14:23 UTC
2038, 28, 219, 2011-04-04 20:14:24 UTC
