id, mhz, category, assignment_id
1, 1419.5191506737244, CATEGORY, , 15
2, 3991.044879114397, CATEGORY, , 16
3, 3991.0461488995857, CATEGORY, , 16
4, 3991.0474145181283, CATEGORY, , 16
5, 3694.480949622879, CATEGORY, , 21
6, 1418.9506358231506, CATEGORY, , 22
7, 4463.8850669918365, CATEGORY, , 28
8, 1419.0008326552615, CATEGORY, , 44
9, 1419.001108699745, CATEGORY, , 44
10, 4461.142888909917, CATEGORY, , 63
11, 8419.31596947621, CATEGORY, , 69
12, 3992.1536961654974, CATEGORY, , 71
13, 3992.1562378191966, CATEGORY, , 71
14, 3992.1567138584346, CATEGORY, , 71
15, 3992.157500312755, CATEGORY, , 71
16, 3992.1578471859852, CATEGORY, , 71
17, 3992.158769056282, CATEGORY, , 71
18, 3992.1600305081793, CATEGORY, , 71
19, 3992.163834655437, CATEGORY, , 71
20, 3992.164766942347, CATEGORY, , 71
21, 3992.1663690175064, CATEGORY, , 71
22, 3992.16717318007, CATEGORY, , 71
23, 3992.1676315110653, CATEGORY, , 71
24, 3992.170166914796, CATEGORY, , 71
25, 1422.7985486292412, CATEGORY, , 74
26, 1422.7985486292412, CATEGORY, , 74
27, 1422.7985486292412, CATEGORY, , 74
28, 1575.2512652442283, CATEGORY, , 99
29, 1419.0639093297193, CATEGORY, 2011-02-27, 109
30, 1419.0649728659598, CATEGORY, 2011-02-27, 109
31, 1419.066319734088, CATEGORY, 2011-02-27, 109
32, 3989.801749294547, CATEGORY, 2011-02-27, 113
33, 1421.50597421765, CATEGORY, 2011-02-27, 125
34, 6670.135934624314, CATEGORY, 2011-02-27, 131
35, 1422.2001802183354, CATEGORY, 2011-02-27, 141
36, 1421.0353183689572, CATEGORY, 2011-02-27, 142
37, 1421.0540693149553, CATEGORY, 2011-02-27, 142
38, 1421.058664083179, CATEGORY, 2011-02-27, 142
39, 6667.662403994372, CATEGORY, 2011-02-28, 146
40, 6667.664612316438, CATEGORY, 2011-02-28, 146
41, 6667.66667063927, CATEGORY, 2011-02-28, 146
42, 6667.6688060450415, CATEGORY, 2011-02-28, 146
43, 6667.670947700781, CATEGORY, 2011-02-28, 146
44, 6667.67308102323, CATEGORY, 2011-02-28, 146
45, 6667.675200804081, CATEGORY, 2011-02-28, 146
46, 6667.677336209853, CATEGORY, 2011-02-28, 146
47, 6667.679471615625, CATEGORY, 2011-02-28, 146
48, 6667.68160181309, CATEGORY, 2011-02-28, 146
49, 6667.683738260523, CATEGORY, 2011-02-28, 146
50, 6667.685873666294, CATEGORY, 2011-02-28, 146
51, 6667.688008030405, CATEGORY, 2011-02-28, 146
52, 6667.690134061225, CATEGORY, 2011-02-28, 146
53, 6667.692269466997, CATEGORY, 2011-02-28, 146
54, 6667.696541320201, CATEGORY, 2011-02-28, 146
55, 6667.698668392682, CATEGORY, 2011-02-28, 146
56, 6667.700797548486, CATEGORY, 2011-02-28, 146
57, 1419.5288943740115, CATEGORY, 2011-02-28, 151
58, 3993.8528423822386, CATEGORY, 2011-02-28, 153
59, 1418.546359734391, CATEGORY, 2011-02-28, 152
60, 1419.074667330612, CATEGORY, 2011-02-28, 155
61, 3991.5020558651945, CATEGORY, 2011-02-28, 158
62, 4459.441334330612, CATEGORY, 2011-02-28, 159
63, 1416.7880013306121, CATEGORY, 2011-02-28, 164
64, 1416.7880013306121, CATEGORY, 2011-02-28, 168
65, 3993.1993333387754, CATEGORY, 2011-02-28, 176
66, 3993.1993333387754, CATEGORY, 2011-02-28, 177
67, 1422.2823950896523, CATEGORY, 2011-02-28, 181
68, 1422.2831877939414, CATEGORY, 2011-02-28, 181
69, 1422.2853179914061, CATEGORY, 2011-02-28, 181
70, 1422.2860981957588, CATEGORY, 2011-02-28, 181
71, 1422.287459647146, CATEGORY, 2011-02-28, 181
72, 1422.2895981779018, CATEGORY, 2011-02-28, 181
73, 1422.2938846143654, CATEGORY, 2011-02-28, 181
74, 1422.2959939786033, CATEGORY, 2011-02-28, 181
75, 1422.300227290338, CATEGORY, 2011-02-28, 181
76, 1422.300227290338, CATEGORY, 2011-02-28, 181
77, 1422.3024158208386, CATEGORY, 2011-02-28, 181
78, 1422.3045376850127, CATEGORY, 2011-02-28, 181
79, 1422.3066678824775, CATEGORY, 2011-02-28, 181
80, 1422.3087918299743, CATEGORY, 2011-02-28, 181
81, 1422.3109480689732, CATEGORY, 2011-02-28, 181
82, 1422.313060558195, CATEGORY, 2011-02-28, 181
83, 1422.3151751307398, CATEGORY, 2011-02-28, 181
84, 1422.3194730254781, CATEGORY, 2011-02-28, 181
85, 1422.3216125978954, CATEGORY, 2011-02-28, 181
86, 1422.3237323787469, CATEGORY, 2011-02-28, 181
87, 1422.325849034614, CATEGORY, 2011-02-28, 181
88, 1422.328005273613, CATEGORY, 2011-02-28, 181
89, 1422.3301208878188, CATEGORY, 2011-02-28, 181
90, 1422.3344073242824, CATEGORY, 2011-02-28, 181
91, 1422.3365375217475, CATEGORY, 2011-02-28, 181
92, 1422.0326419670919, CATEGORY, 2011-02-28, 182
93, 1422.046920237787, CATEGORY, 2011-02-28, 182
94, 1421.0053305810907, CATEGORY, 2011-02-28, 183
95, 4464.485121097003, CATEGORY, 2011-02-28, 188
96, 1418.0308384896045, CATEGORY, 2011-02-28, 191
97, 1418.0461029950573, CATEGORY, 2011-02-28, 191
98, 3992.6767756633926, CATEGORY, 2011-02-28, 192
99, 3992.68306833962, CATEGORY, 2011-02-28, 192
100, 3992.691984960794, CATEGORY, 2011-02-28, 192
101, 3992.6995828386957, CATEGORY, 2011-02-28, 192
102, 1418.2797343306122, CATEGORY, 2011-02-28, 194
103, 3988.4952124562337, CATEGORY, 2011-02-28, 197
104, 1419.4693423169642, CATEGORY, 2011-02-28, 200
105, 1422.0848888473374, CATEGORY, 2011-02-28, 202
106, 1421.103464896269, CATEGORY, 2011-02-28, 204
107, 1421.135424108211, CATEGORY, 2011-02-28, 204
108, 3991.435161462022, CATEGORY, 2011-02-28, 206
109, 3991.4376906544962, CATEGORY, 2011-02-28, 206
110, 3991.4556772963647, CATEGORY, 2011-02-28, 206
111, 3991.479516081282, CATEGORY, 2011-02-28, 206
112, 1573.9436878355868, CATEGORY, 2011-03-01, 213
113, 3690.4411189842635, CATEGORY, 2011-03-01, 222
114, 3988.886812458275, CATEGORY, 2011-03-01, 226
115, 3988.8906603553096, CATEGORY, 2011-03-01, 226
116, 3988.8925332624203, CATEGORY, 2011-03-01, 226
117, 3988.894421794452, CATEGORY, 2011-03-01, 226
118, 3988.9014550919005, CATEGORY, 2011-03-01, 226
119, 3988.9014550919005, CATEGORY, 2011-03-01, 226
120, 1418.4944370826372, CATEGORY, 2011-03-01, 230
121, 1423.1268648503508, CATEGORY, 2011-03-01, 233
122, 1422.1453333306122, CATEGORY, 2011-03-01, 240
123, 6669.466667330613, , 2011-03-02, 245
124, 1422.265067330612, , 2011-03-02, 247
125, 1421.5599562822067, CATEGORY, 2011-03-02, 248
126, 1421.5621240126595, CATEGORY, 2011-03-02, 248
127, 3695.7336950646527, CATEGORY, 2011-03-03, 254
128, 3695.736703382637, CATEGORY, 2011-03-03, 254
129, 3696.5064930384724, modulation, 2011-03-05, 258
130, 1419.4557343306121, radar, 2011-03-05, 260
131, 1420.354702216486, broadband, 2011-03-05, 261
132, 1420.372044836336, diagonal, 2011-03-05, 261
133, 1420.3746375314413, diagonal, 2011-03-05, 261
134, 1421.8119427567283, diagonal, 2011-03-05, 264
135, 1421.8116385869578, diagonal, 2011-03-05, 264
136, 1422.8044143140944, diagonal, 2011-03-06, 265
137, 1422.8064278763075, diagonal, 2011-03-06, 265
138, 1422.8618503168366, diagonal, 2011-03-06, 265
139, 3993.791094769754, modulation, 2011-03-06, 269
140, 3993.7923822631856, modulation, 2011-03-06, 269
141, 3993.79375725617, modulation, 2011-03-06, 269
142, 3993.7961614105707, modulation, 2011-03-06, 269
143, 3993.7986520228633, modulation, 2011-03-06, 269
144, 3993.799425977248, modulation, 2011-03-06, 269
145, 3993.799940557956, modulation, 2011-03-06, 269
146, 3993.805093656664, modulation, 2011-03-06, 269
147, 3993.8075853106184, modulation, 2011-03-06, 269
148, 3993.808787387819, modulation, 2011-03-06, 269
149, 3993.8100759229114, modulation, 2011-03-06, 269
150, 3993.812566535204, modulation, 2011-03-06, 269
151, 3993.8138550702965, modulation, 2011-03-06, 269
152, 3993.8189217111126, modulation, 2011-03-06, 269
153, 3993.82278731639, modulation, 2011-03-06, 269
154, 3993.8239893935906, modulation, 2011-03-06, 269
155, 3993.8278539572066, modulation, 2011-03-06, 269
156, 3993.8303456111607, modulation, 2011-03-06, 269
157, 3993.8316331045917, modulation, 2011-03-06, 269
158, 3993.8328362234533, modulation, 2011-03-06, 269
159, 3993.835412251977, modulation, 2011-03-06, 269
160, 3993.8367007870693, modulation, 2011-03-06, 269
161, 3993.8391913993623, modulation, 2011-03-06, 269
162, 3993.8404799344544, modulation, 2011-03-06, 269
163, 3993.841768469547, modulation, 2011-03-06, 269
164, 3993.8430570046394, modulation, 2011-03-06, 269
165, 3993.8437434594707, modulation, 2011-03-06, 269
166, 3993.8455476169324, modulation, 2011-03-06, 269
167, 3993.8468351103634, modulation, 2011-03-06, 269
168, 3993.848123645456, modulation, 2011-03-06, 269
169, 3993.8493267643175, modulation, 2011-03-06, 269
170, 3993.8506142577485, modulation, 2011-03-06, 269
171, 3989.018001330612, modulation, 2011-03-07, 273
172, 3989.018287787484, modulation, 2011-03-07, 273
173, 3989.018435703396, modulation, 2011-03-07, 273
174, 3989.0209513155614, modulation, 2011-03-07, 273
175, 3989.022089851419, modulation, 2011-03-07, 273
176, 3989.024633588441, modulation, 2011-03-07, 273
177, 3989.025184627296, modulation, 2011-03-07, 273
178, 3989.0259054569515, modulation, 2011-03-07, 273
179, 3989.026539828715, modulation, 2011-03-07, 273
180, 3989.0284408606826, modulation, 2011-03-07, 273
181, 3989.029703354241, modulation, 2011-03-07, 273
182, 3989.0309689727837, modulation, 2011-03-07, 273
183, 3989.0322335496653, modulation, 2011-03-07, 273
184, 3989.033376252168, modulation, 2011-03-07, 273
185, 3989.0360335302776, modulation, 2011-03-07, 273
186, 3989.0373085237725, modulation, 2011-03-07, 273
187, 3989.0385689340083, modulation, 2011-03-07, 273
188, 3989.0411147543527, modulation, 2011-03-07, 273
189, 3989.0423689146205, modulation, 2011-03-07, 273
190, 3989.04363974147, modulation, 2011-03-07, 273
191, 3989.044914734965, modulation, 2011-03-07, 273
192, 3989.046817850255, modulation, 2011-03-07, 273
193, 3989.0474376387597, modulation, 2011-03-07, 273
194, 3989.048710548932, modulation, 2011-03-07, 273
195, 3989.049975125813, modulation, 2011-03-07, 273
196, 3989.0512407443557, modulation, 2011-03-07, 273
197, 3989.052513654528, modulation, 2011-03-07, 273
198, 3989.053780314732, modulation, 2011-03-07, 273
199, 3989.055045933275, modulation, 2011-03-07, 273
200, 3989.0563063435106, modulation, 2011-03-07, 273
201, 3989.0575802953445, modulation, 2011-03-07, 273
202, 3989.0588375805964, modulation, 2011-03-07, 273
203, 3989.0613771509725, modulation, 2011-03-07, 273
204, 3989.062644852838, modulation, 2011-03-07, 273
205, 3989.063928179624, modulation, 2011-03-07, 273
206, 3989.065051090561, modulation, 2011-03-07, 273
207, 3989.0664573333866, modulation, 2011-03-07, 273
208, 3989.0689844038266, modulation, 2011-03-07, 273
209, 3989.070252105692, modulation, 2011-03-07, 273
210, 3989.072787509423, modulation, 2011-03-07, 273
211, 3989.0740562529495, modulation, 2011-03-07, 273
212, 3989.075323954815, modulation, 2011-03-07, 273
213, 3989.0752041637597, modulation, 2011-03-07, 273
214, 3989.076566656808, modulation, 2011-03-07, 273
215, 3989.0778572752233, modulation, 2011-03-07, 273
216, 3989.0803874706476, modulation, 2011-03-07, 273
217, 3989.0816593391583, modulation, 2011-03-07, 273
218, 3989.0817343387757, modulation, 2011-03-07, 273
219, 3994.3105097030134, modulation, 2011-03-07, 276
220, 3994.3130346901307, modulation, 2011-03-07, 276
221, 3992.0233333387755, squiggle, 2011-03-07, 283
222, 1420.5667836619898, modulation, 2011-03-07, 286
223, 1421.0667888376436, broadband, 2011-03-07, 287
224, 1420.3202305173627, modulation, 2011-03-08, 292
225, 1576.7532447962053, diagonal, 2011-03-09, 347
226, 1576.7533114635523, diagonal, 2011-03-09, 347
227, 1576.7573323379145, diagonal, 2011-03-09, 347
228, 1576.7603198683992, diagonal, 2011-03-09, 347
229, 1576.7593334, diagonal, 2011-03-09, 347
230, 1576.7583177646366, diagonal, 2011-03-09, 347
231, 3988.4964009918367, diagonal, 2011-03-10, 390
232, 3988.500134306122, diagonal, 2011-03-10, 390
233, 3988.500134306122, pulse, 2011-03-10, 390
234, 3988.5025342938775, pulse, 2011-03-10, 390
235, 3988.5049342816324, modulation, 2011-03-10, 390
236, 3988.5065342734692, modulation, 2011-03-10, 390
237, 3988.5404934752073, modulation, 2011-03-10, 390
238, 3988.5420007591833, modulation, 2011-03-10, 390
239, 3690.169600677551, diagonal, 2011-03-10, 393
240, 3690.2208011999996, diagonal, 2011-03-10, 393
241, 3690.221601208163, diagonal, 2011-03-10, 393
242, 3990.935612005214, unknown, 2011-03-10, 397
243, 3990.946050493623, unknown, 2011-03-10, 397
244, 6671.809492245153, unknown, 2011-03-10, 398
245, 6671.764244908451, unknown, 2011-03-10, 398
246, 1420.0766474268016, unknown, 2011-03-10, 436
247, 1420.1105920452806, broadband, 2011-03-10, 436
248, 1419.5974270384725, unknown, 2011-03-10, 437
249, 1419.6440288840402, unknown, 2011-03-10, 437
250, 1419.7352660379145, unknown, 2011-03-11, 452
251, 1573.0954673265305, broadband, 2011-03-11, 483
252, 3991.246100962755, diagonal, 2011-03-11, 500
253, 3989.687669663935, unknown, 2011-03-11, 501
254, 3989.7030070856827, unknown, 2011-03-11, 501
255, 3989.7207247036195, unknown, 2011-03-11, 501
256, 1419.8525009729592, unknown, 2011-03-11, 504
257, 1419.8807362455677, diagonal, 2011-03-11, 504
258, 4462.242184960554, unknown, 2011-03-11, 506
259, 1422.474730525016, modulation, 2011-03-11, 516
260, 1577.8624003224488, diagonal, 2011-03-11, 514
261, 3992.076480756091, pulse, 2011-03-11, 520
262, 1417.4478436724012, radar, 2011-03-11, 523
263, 1575.6424579566803, unknown, 2011-03-11, 530
264, 1575.6428871211574, unknown, 2011-03-11, 530
265, 1575.643640242315, unknown, 2011-03-11, 530
266, 1575.6470495999201, unknown, 2011-03-11, 530
267, 1575.6543297711096, unknown, 2011-03-11, 530
268, 1575.6704286473055, diagonal, 2011-03-11, 530
269, 3991.0436009959185, diagonal, 2011-03-11, 535
270, 3991.0460009836734, diagonal, 2011-03-11, 535
271, 3991.047334310204, modulation, 2011-03-11, 535
272, 3991.0484009714287, modulation, 2011-03-11, 535
273, 3991.0500009632656, modulation, 2011-03-11, 535
274, 3991.0508009591836, modulation, 2011-03-11, 535
275, 3991.0524009510204, modulation, 2011-03-11, 535
276, 3991.0537030277105, modulation, 2011-03-11, 535
277, 3991.0561342653064, modulation, 2011-03-11, 535
278, 3991.0574363419964, modulation, 2011-03-11, 535
279, 3991.0638675591836, modulation, 2011-03-11, 535
280, 3991.0649342204083, modulation, 2011-03-11, 535
281, 3991.066267546939, modulation, 2011-03-11, 535
282, 3991.0686675346938, modulation, 2011-03-11, 535
283, 3991.0977340530612, modulation, 2011-03-11, 535
284, 3991.1068735897643, modulation, 2011-03-11, 535
285, 3991.1054360970984, modulation, 2011-03-11, 535
286, 3992.7364534839126, modulation, 2011-03-12, 545
287, 3993.387808369005, modulation, 2011-03-12, 546
288, 1421.9557021537626, diagonal, 2011-03-12, 553
289, 1421.966102259885, diagonal, 2011-03-12, 553
290, 1421.979200310204, diagonal, 2011-03-12, 553
291, 1421.9993890578762, diagonal, 2011-03-12, 553
292, 1422.0047693211097, diagonal, 2011-03-12, 553
293, 8423.866133755102, diagonal, 2011-03-12, 554
294, 8423.866635835873, diagonal, 2011-03-12, 554
298, 3990.6598363705675, unknown, 2011-03-12, 569
302, 3990.6774362807714, modulation, 2011-03-12, 569
304, 3990.6801029338326, pulse, 2011-03-12, 569
305, 3990.681200844898, unknown, 2011-03-12, 569
308, 3990.69130287669, modulation, 2011-03-12, 569
311, 3990.6947695256695, unknown, 2011-03-12, 569
320, 1419.7929978739955, modulation, 2011-03-12, 574
324, 3991.769969039955, modulation, 2011-03-12, 576
325, 3991.7713336163265, broadband, 2011-03-12, 576
328, 1421.7074356481187, unknown, 2011-03-12, 579
330, 1421.7194355868942, diagonal, 2011-03-12, 579
295, 3990.6534364032204, modulation, 2011-03-12, 569
296, 3990.6558676408163, unknown, 2011-03-12, 569
323, 1419.8281549862884, diagonal, 2011-03-12, 574
326, 3991.780102321588, modulation, 2011-03-12, 576
332, 3696.547435537914, modulation, 2011-03-12, 586
297, 3990.658503044037, modulation, 2011-03-12, 569
312, 3990.696636182812, modulation, 2011-03-12, 569
299, 3990.6649030113836, modulation, 2011-03-12, 569
300, 3990.672369639955, modulation, 2011-03-12, 569
301, 3990.6748008775508, modulation, 2011-03-12, 569
306, 3990.6827695868938, modulation, 2011-03-12, 569
314, 3990.6995695011797, modulation, 2011-03-12, 569
316, 3990.7017028236287, modulation, 2011-03-12, 569
319, 3990.7078361256695, unknown, 2011-03-12, 569
334, 3989.9332006612244, modulation, 2011-03-12, 585
335, 3989.935836064445, modulation, 2011-03-12, 585
336, 3989.937169390976, modulation, 2011-03-12, 585
337, 3989.9385027175067, modulation, 2011-03-12, 585
339, 3989.9409027052616, modulation, 2011-03-12, 585
341, 1430.3754166941326, diagonal, 2011-03-12, 587
303, 3990.6790362726083, modulation, 2011-03-12, 569
307, 3990.6889028889345, modulation, 2011-03-12, 569
309, 3990.691836207302, unknown, 2011-03-12, 569
310, 3990.6940007795915, modulation, 2011-03-12, 569
317, 3990.702769484853, unknown, 2011-03-12, 569
338, 3989.9396006285715, modulation, 2011-03-12, 585
342, 3989.945969346078, modulation, 2011-03-12, 585
313, 3990.697702844037, modulation, 2011-03-12, 569
315, 3990.7004007469386, modulation, 2011-03-12, 569
318, 3990.706502799139, unknown, 2011-03-12, 569
321, 1419.8023884510842, diagonal, 2011-03-12, 574
322, 1419.8212737713968, pulse, 2011-03-12, 574
327, 1421.699435688935, squiggle, 2011-03-12, 579
329, 1421.712502288935, diagonal, 2011-03-12, 579
331, 1421.736768831792, pulse, 2011-03-12, 579
333, 3989.9325496228794, modulation, 2011-03-12, 585
340, 3989.9409027052616, modulation, 2011-03-12, 585
343, 3989.9827691583228, modulation, 2011-03-12, 585
344, 3989.984009776993, modulation, 2011-03-12, 585
345, 1430.588800122449, diagonal, 2011-03-12, 589
346, 1430.6026356802934, diagonal, 2011-03-12, 589
347, 3989.9852983120854, modulation, 2011-03-12, 585
348, 3989.986586847178, modulation, 2011-03-12, 585
349, 3989.9878357991392, modulation, 2011-03-12, 585
350, 3989.9902670367346, modulation, 2011-03-12, 585
351, 1421.0533339020408, diagonal, 2011-03-12, 590
352, 3989.9953024277106, modulation, 2011-03-12, 585
353, 3989.996635754241, modulation, 2011-03-12, 585
354, 1421.0930670326532, diagonal, 2011-03-12, 590
355, 1418.1005029950572, radar, 2011-03-12, 596
356, 4461.317302509343, diagonal, 2011-03-12, 598
357, 3992.305949513696, unknown, 2011-03-12, 605
358, 3994.1800885350926, diagonal, 2011-03-12, 636
359, 1419.5972166228794, unknown, 2011-03-12, 642
360, 1418.892236011384, diagonal, 2011-03-12, 650
361, 1418.901035966486, unknown, 2011-03-12, 650
362, 3992.156301360539, diagonal, 2011-03-12, 653
363, 3992.1897334816326, unknown, 2011-03-12, 653
364, 6669.20521662288, unknown, 2011-03-12, 680
365, 1421.0477026807716, squiggle, 2011-03-12, 651
366, 1421.0634671836735, squiggle, 2011-03-12, 651
367, 1421.0666359175063, diagonal, 2011-03-12, 651
368, 1421.0773025297513, squiggle, 2011-03-12, 651
369, 1421.081035844037, squiggle, 2011-03-12, 651
370, 8422.514552400926, unknown, 2011-03-12, 694
371, 1575.9038826228796, pulse, 2011-03-12, 706
372, 1575.904502411384, pulse, 2011-03-12, 706
373, 1575.9063690685268, pulse, 2011-03-12, 706
374, 1575.912266955102, pulse, 2011-03-12, 706
375, 1575.9154669387756, pulse, 2011-03-12, 706
376, 1417.402667722449, diagonal, 2011-03-12, 708
377, 1422.483749229002, diagonal, 2011-03-12, 712
378, 1422.5205948743464, diagonal, 2011-03-12, 712
379, 1427.577480469324, diagonal, 2011-03-12, 717
380, 1422.864000330612, diagonal, 2011-03-12, 724
381, 1422.8658440712052, diagonal, 2011-03-12, 724
382, 1422.8926178929369, diagonal, 2011-03-12, 724
383, 1422.8983459887118, diagonal, 2011-03-12, 724
384, 1422.9051522039858, diagonal, 2011-03-12, 724
385, 1422.9220771176338, diagonal, 2011-03-12, 724
386, 1422.9247979370853, diagonal, 2011-03-12, 724
387, 1421.6800003714286, diagonal, 2011-03-12, 734
388, 1421.6808003673468, diagonal, 2011-03-12, 734
389, 1422.1101335102042, unknown, 2011-03-13, 735
390, 1422.1106439242667, unknown, 2011-03-13, 735
391, 1422.142933342857, radar, 2011-03-13, 735
392, 1418.1087495504305, diagonal, 2011-03-13, 736
393, 1418.4212166228795, unknown, 2011-03-13, 741
394, 1429.4397945510523, unknown, 2011-03-13, 749
395, 1416.9303695415178, squiggle, 2011-03-13, 752
396, 4459.765520063456, diagonal, 2011-03-13, 744
397, 1416.952145805389, broadband, 2011-03-13, 752
398, 1416.9542937439733, broadband, 2011-03-13, 752
399, 1416.9563541816644, broadband, 2011-03-13, 752
400, 1416.9542072847576, broadband, 2011-03-13, 752
401, 1416.9585021202486, broadband, 2011-03-13, 752
402, 1416.9626250789859, broadband, 2011-03-13, 752
403, 1416.964857393431, broadband, 2011-03-13, 752
404, 1416.9670907495536, broadband, 2011-03-13, 752
405, 1416.9691522289222, broadband, 2011-03-13, 752
406, 1416.971299125829, broadband, 2011-03-13, 752
407, 1416.9733606051975, broadband, 2011-03-13, 752
408, 1416.9755075021046, broadband, 2011-03-13, 752
409, 1416.9778366925382, broadband, 2011-03-13, 752
410, 1416.9797033782525, broadband, 2011-03-13, 752
411, 4459.180503411384, broadband, 2011-03-13, 753
412, 4459.1826367338335, broadband, 2011-03-13, 753
413, 4459.186667963266, broadband, 2011-03-13, 753
414, 4459.188801285714, broadband, 2011-03-13, 753
415, 4459.195436668527, broadband, 2011-03-13, 753
416, 4459.197569990976, broadband, 2011-03-13, 753
417, 4459.203734542857, broadband, 2011-03-13, 753
418, 4459.2061032807715, broadband, 2011-03-13, 753
419, 4459.208001187755, broadband, 2011-03-13, 753
420, 4459.2103699256695, broadband, 2011-03-13, 753
421, 4459.212267832653, broadband, 2011-03-13, 753
422, 4459.214636570568, broadband, 2011-03-13, 753
423, 4459.218903215466, broadband, 2011-03-13, 753
424, 4459.220769872609, broadband, 2011-03-13, 753
425, 4459.222934444898, broadband, 2011-03-13, 753
426, 4459.225303182812, broadband, 2011-03-13, 753
427, 4459.227436505262, broadband, 2011-03-13, 753
428, 4459.229303162404, broadband, 2011-03-13, 753
429, 4459.235734379592, broadband, 2011-03-13, 753
430, 4459.238103117506, broadband, 2011-03-13, 753
458, 4459.240018732733, broadband, 2011-03-13, 753
431, 4459.182474234663, broadband, 2011-03-13, 753
450, 4459.222841737038, broadband, 2011-03-13, 753
432, 4459.184535682478, broadband, 2011-03-13, 753
451, 4459.225160475207, broadband, 2011-03-13, 753
433, 4459.186682546524, broadband, 2011-03-13, 753
442, 4459.205920990035, broadband, 2011-03-13, 753
443, 4459.208068895743, broadband, 2011-03-13, 753
447, 4459.216571977359, broadband, 2011-03-13, 753
434, 4459.188829410571, broadband, 2011-03-13, 753
437, 4459.195357502264, broadband, 2011-03-13, 753
438, 4459.1972470759565, broadband, 2011-03-13, 753
446, 4459.214252197528, broadband, 2011-03-13, 753
456, 4459.23572500464, broadband, 2011-03-13, 753
435, 4459.191234606633, broadband, 2011-03-13, 753
445, 4459.212190749713, broadband, 2011-03-13, 753
453, 4459.229283370839, broadband, 2011-03-13, 753
454, 4459.231430234885, broadband, 2011-03-13, 753
459, 4459.242080180548, broadband, 2011-03-13, 753
436, 4459.193124180326, broadband, 2011-03-13, 753
439, 4459.199393940004, broadband, 2011-03-13, 753
440, 4459.201712678173, broadband, 2011-03-13, 753
441, 4459.203860583881, broadband, 2011-03-13, 753
448, 4459.218632383514, broadband, 2011-03-13, 753
449, 4459.220780289222, broadband, 2011-03-13, 753
455, 4459.233491682701, broadband, 2011-03-13, 753
457, 4459.237699994563, broadband, 2011-03-13, 753
444, 4459.210215759789, broadband, 2011-03-13, 753
452, 4459.2273073392535, broadband, 2011-03-13, 753
460, 1420.4415697175064, diagonal, 2011-03-13, 754
461, 1420.4543696522003, diagonal, 2011-03-13, 754
462, 1422.2014861691168, diagonal, 2011-03-13, 757
463, 1422.205951771333, unknown, 2011-03-13, 757
464, 1422.1552780715401, squiggle, 2011-03-13, 757
465, 1422.161375957095, unknown, 2011-03-13, 757
466, 1422.1738352685268, unknown, 2011-03-13, 757
467, 1422.2015684603637, diagonal, 2011-03-13, 757
468, 1421.4265496228795, diagonal, 2011-03-13, 759
469, 1421.4407693419962, broadband, 2011-03-13, 759
470, 1421.4662431703605, broadband, 2011-03-13, 759
471, 1421.4265496228795, diagonal, 2011-03-13, 759
472, 1421.4278516995696, broadband, 2011-03-13, 759
473, 1421.4299985636162, broadband, 2011-03-13, 759
474, 1421.4265496228795, diagonal, 2011-03-13, 759
475, 3990.1300235736926, modulation, 2011-03-13, 760
476, 3990.1338027210777, modulation, 2011-03-13, 760
477, 3990.1452255794643, unknown, 2011-03-13, 760
478, 3990.1478026496493, modulation, 2011-03-13, 760
479, 3990.1490047268494, modulation, 2011-03-13, 760
480, 3990.150293261942, modulation, 2011-03-13, 760
481, 3990.152869290466, modulation, 2011-03-13, 760
482, 3990.154072409327, modulation, 2011-03-13, 760
483, 3990.1553609444195, unknown, 2011-03-13, 760
484, 3990.1587098856667, diagonal, 2011-03-13, 760
485, 3990.1642931905135, modulation, 2011-03-13, 760
486, 3990.1654952677136, modulation, 2011-03-13, 760
487, 3990.1667692195474, modulation, 2011-03-13, 760
488, 3990.170562950191, modulation, 2011-03-13, 760
489, 3990.1819691419964, modulation, 2011-03-13, 760
490, 3990.185764955963, modulation, 2011-03-13, 760
491, 3990.1870357828125, modulation, 2011-03-13, 760
492, 3991.3105027175066, broadband, 2011-03-13, 763
493, 3991.3161339387757, modulation, 2011-03-13, 763
494, 3991.3187693419964, modulation, 2011-03-13, 763
495, 3991.3265026358736, modulation, 2011-03-13, 763
496, 3991.33156927669, modulation, 2011-03-13, 763
497, 3991.3356005061223, squiggle, 2011-03-13, 763
498, 3991.340369231792, modulation, 2011-03-13, 763
499, 3991.340369231792, modulation, 2011-03-13, 763
500, 3991.349169186894, modulation, 2011-03-13, 763
501, 3991.354267077551, modulation, 2011-03-13, 763
502, 3991.355569154241, modulation, 2011-03-13, 763
503, 3991.3569024807716, modulation, 2011-03-13, 763
504, 3991.359302468527, modulation, 2011-03-13, 763
505, 3991.3606357950575, modulation, 2011-03-13, 763
506, 3991.363067032653, modulation, 2011-03-13, 763
507, 3991.3657024358736, modulation, 2011-03-13, 763
508, 3991.3681336734694, modulation, 2011-03-13, 763
509, 1419.5862826292412, radar, 2011-03-13, 765
510, 1431.6225496228794, unknown, 2011-03-14, 774
511, 1418.851278928683, diagonal, 2011-03-14, 776
512, 1418.8754985967794, diagonal, 2011-03-14, 776
513, 3693.160152486639, diagonal, 2011-03-14, 764
514, 3988.7525548515946, modulation, 2011-03-14, 779
515, 3989.9639984207593, modulation, 2011-03-14, 782
516, 3993.33178573817, pulse, 2011-03-14, 788
517, 3993.3624480817284, modulation, 2011-03-14, 788
518, 3993.363736616821, modulation, 2011-03-14, 788
519, 3993.365024110252, modulation, 2011-03-14, 788
520, 3993.3915635581793, pulse, 2011-03-14, 788
521, 1419.1175694726085, diagonal, 2011-03-14, 796
522, 1419.3848529205995, unknown, 2011-03-14, 797
523, 1419.390102974171, radar, 2011-03-14, 797
524, 1419.3848529205995, diagonal, 2011-03-14, 797
525, 1419.3848529205995, unknown, 2011-03-14, 797
526, 1419.390102974171, radar, 2011-03-14, 797
527, 1419.399540570472, diagonal, 2011-03-14, 797
528, 1419.3848529205995, diagonal, 2011-03-14, 797
529, 1419.3941030149872, diagonal, 2011-03-14, 797
530, 1419.3994364027424, diagonal, 2011-03-14, 797
531, 1419.3848529205995, diagonal, 2011-03-14, 797
532, 1421.783523037468, unknown, 2011-03-14, 798
533, 3988.234327370615, modulation, 2011-03-14, 799
534, 3988.236817982908, modulation, 2011-03-14, 799
535, 3988.238105476339, modulation, 2011-03-14, 799
536, 3988.2393346367344, modulation, 2011-03-14, 799
537, 3988.239565885555, modulation, 2011-03-14, 799
538, 3988.2406367134245, modulation, 2011-03-14, 799
539, 3988.244401277551, modulation, 2011-03-14, 799
540, 3988.245703354241, modulation, 2011-03-14, 799
541, 3988.248240841295, unknown, 2011-03-14, 799
542, 3988.249529376387, modulation, 2011-03-14, 799
543, 3988.2507699950575, modulation, 2011-03-14, 799
544, 3988.25201998868, modulation, 2011-03-14, 799
545, 3988.2530501917568, modulation, 2011-03-14, 799
546, 3988.25322206588, modulation, 2011-03-14, 799
547, 3988.2545960172033, modulation, 2011-03-14, 799
548, 3988.2558366358735, modulation, 2011-03-14, 799
549, 3988.2570876711575, modulation, 2011-03-14, 799
550, 3988.2583751645884, modulation, 2011-03-14, 799
551, 3988.259663699681, modulation, 2011-03-14, 799
552, 3988.259835573804, modulation, 2011-03-14, 799
553, 3988.262154311974, modulation, 2011-03-14, 799
554, 3988.263442847066, modulation, 2011-03-14, 799
555, 3988.2647313821585, modulation, 2011-03-14, 799
556, 3988.2659699175065, modulation, 2011-03-14, 799
557, 3988.2672219944516, modulation, 2011-03-14, 799
558, 3988.2683699052614, modulation, 2011-03-14, 799
559, 3988.272289676929, modulation, 2011-03-14, 799
560, 3988.27357717036, modulation, 2011-03-14, 799
561, 3988.276103199139, modulation, 2011-03-14, 799
562, 3988.2773563177457, modulation, 2011-03-14, 799
563, 3988.2786448528377, modulation, 2011-03-14, 799
564, 3988.27993338793, modulation, 2011-03-14, 799
565, 3988.2824240002233, modulation, 2011-03-14, 799
566, 3988.2837125353158, modulation, 2011-03-14, 799
567, 3988.2850010704083, modulation, 2011-03-14, 799
568, 3988.2850010704083, modulation, 2011-03-14, 799
569, 3988.286890644101, modulation, 2011-03-14, 799
570, 3988.287491682701, modulation, 2011-03-14, 799
571, 3988.2881781375318, modulation, 2011-03-14, 799
572, 3988.2887802177934, modulation, 2011-03-14, 799
573, 3988.2900677112243, modulation, 2011-03-14, 799
574, 3988.291303121588, modulation, 2011-03-14, 799
575, 3988.292558323517, modulation, 2011-03-14, 799
576, 3988.2938468586094, modulation, 2011-03-14, 799
577, 3988.295135393702, modulation, 2011-03-14, 799
578, 3988.296369762404, modulation, 2011-03-14, 799
579, 3988.297626005995, modulation, 2011-03-14, 799
580, 8420.945356602613, pulse, 2011-03-14, 803
581, 1418.5863381891581, diagonal, 2011-03-14, 804
582, 1418.5896017641262, diagonal, 2011-03-14, 804
583, 1418.597761222385, modulation, 2011-03-14, 804
584, 3993.0901255544645, radar, 2011-03-14, 805
585, 3991.1176662430325, unknown, 2011-03-14, 806
586, 1420.2010943611608, broadband, 2011-03-14, 815
587, 1420.2178361986607, modulation, 2011-03-14, 815
588, 1420.227032125829, modulation, 2011-03-14, 815
589, 1420.2281488038905, unknown, 2011-03-14, 815
590, 1420.23510616655, diagonal, 2011-03-14, 815
591, 3988.62838777677, modulation, 2011-03-14, 816
592, 3988.6308794307242, modulation, 2011-03-14, 816
593, 3988.637234606633, modulation, 2011-03-14, 816
594, 3988.6398116768178, modulation, 2011-03-14, 816
595, 3988.641013754018, modulation, 2011-03-14, 816
596, 3988.641013754018, modulation, 2011-03-14, 816
597, 3988.6448783176343, modulation, 2011-03-14, 816
598, 3988.646081436496, modulation, 2011-03-14, 816
599, 3988.657504294882, modulation, 2011-03-14, 816
600, 3988.6651480058836, modulation, 2011-03-14, 816
601, 3988.6689271532687, modulation, 2011-03-14, 816
602, 3988.67657086427, modulation, 2011-03-14, 816
603, 3988.682840623948, modulation, 2011-03-14, 816
604, 3988.6841291590404, modulation, 2011-03-14, 816
605, 3988.6867062292254, modulation, 2011-03-14, 816
606, 3988.6879083064255, modulation, 2011-03-14, 816
607, 3988.689196841518, modulation, 2011-03-14, 816
608, 1414.9844127868462, unknown, 2011-03-14, 820
609, 1414.9885033909757, unknown, 2011-03-14, 820
610, 8421.795969733832, broadband, 2011-03-14, 822
611, 8421.798103056282, broadband, 2011-03-14, 822
612, 8421.800000963265, broadband, 2011-03-14, 822
613, 8421.802134285714, broadband, 2011-03-14, 822
614, 8421.804267608162, broadband, 2011-03-14, 822
615, 8421.806636346077, broadband, 2011-03-14, 822
616, 8421.81066757551, broadband, 2011-03-14, 822
617, 8421.815169635873, broadband, 2011-03-14, 822
618, 8421.817302958323, modulation, 2011-03-14, 822
619, 8421.819436280772, broadband, 2011-03-14, 822
620, 8421.82156960322, modulation, 2011-03-14, 822
621, 8421.823702925669, broadband, 2011-03-14, 822
622, 8421.825600832653, broadband, 2011-03-14, 822
623, 8421.82986747755, modulation, 2011-03-14, 822
624, 8421.840236174648, squiggle, 2011-03-14, 822
625, 8421.84290282771, modulation, 2011-03-14, 822
626, 8421.84503615016, broadband, 2011-03-14, 822
627, 8421.847169472609, broadband, 2011-03-14, 822
628, 8421.849302795057, modulation, 2011-03-14, 822
629, 8421.851436117506, modulation, 2011-03-14, 822
630, 8421.853569439956, broadband, 2011-03-14, 822
631, 8421.855702762405, broadband, 2011-03-14, 822
632, 1421.4279694073023, broadband, 2011-03-14, 823
633, 1421.4301027297513, broadband, 2011-03-14, 823
634, 1421.4322360522003, broadband, 2011-03-14, 823
635, 1421.4341339591838, modulation, 2011-03-14, 823
636, 1421.4365026970984, broadband, 2011-03-14, 823
637, 1421.4386360195472, modulation, 2011-03-14, 823
638, 1421.4426672489797, modulation, 2011-03-14, 823
639, 1421.451435954241, modulation, 2011-03-14, 823
640, 1421.4589025828125, unknown, 2011-03-14, 823
641, 1421.459969244037, modulation, 2011-03-14, 823
642, 1421.462102566486, modulation, 2011-03-14, 823
643, 1421.464235888935, broadband, 2011-03-14, 823
644, 1421.466369211384, modulation, 2011-03-14, 823
645, 1421.4682671183673, broadband, 2011-03-14, 823
646, 1421.470635856282, modulation, 2011-03-14, 823
647, 1421.4720004326532, squiggle, 2011-03-14, 823
648, 1421.472769178731, modulation, 2011-03-14, 823
649, 1421.477035823629, modulation, 2011-03-14, 823
650, 1421.4813024685268, broadband, 2011-03-14, 823
651, 1421.4834357909758, modulation, 2011-03-14, 823
652, 1422.4733024073023, modulation, 2011-03-14, 824
664, 1422.511702211384, modulation, 2011-03-14, 824
653, 1422.4754357297513, modulation, 2011-03-14, 824
654, 1422.4797023746494, broadband, 2011-03-14, 824
658, 1422.4901335714287, modulation, 2011-03-14, 824
672, 1421.919702407302, modulation, 2011-03-14, 825
655, 1422.4818356970984, broadband, 2011-03-14, 824
656, 1422.4861023419962, modulation, 2011-03-14, 824
657, 1422.4880002489797, modulation, 2011-03-14, 824
671, 1422.5349333428571, modulation, 2011-03-14, 824
659, 1422.492502309343, modulation, 2011-03-14, 824
662, 1422.507435566486, broadband, 2011-03-14, 824
667, 1422.518102178731, modulation, 2011-03-14, 824
668, 1422.52023550118, modulation, 2011-03-14, 824
660, 1422.4944002163265, modulation, 2011-03-14, 824
661, 1422.5010355991392, modulation, 2011-03-14, 824
663, 1422.509568888935, modulation, 2011-03-14, 824
665, 1422.513835533833, modulation, 2011-03-14, 824
670, 1422.533035435874, modulation, 2011-03-14, 824
666, 1422.515968856282, modulation, 2011-03-14, 824
669, 1422.5245021460778, modulation, 2011-03-14, 824
673, 1421.9218357297511, modulation, 2011-03-14, 825
674, 1421.9239690522002, modulation, 2011-03-14, 825
675, 1421.9261023746492, modulation, 2011-03-14, 825
676, 1421.9282356970982, modulation, 2011-03-14, 825
677, 1421.361215629241, unknown, 2011-03-14, 829
678, 3989.0843697419964, modulation, 2011-03-14, 832
679, 3989.088103056282, modulation, 2011-03-14, 832
680, 3989.09716967669, modulation, 2011-03-14, 832
681, 3989.100902990976, modulation, 2011-03-14, 832
682, 3989.1046363052615, modulation, 2011-03-14, 832
683, 3989.1073029583226, modulation, 2011-03-14, 832
684, 3989.108636284853, modulation, 2011-03-14, 832
685, 3989.112369599139, modulation, 2011-03-14, 832
686, 3989.1137029256697, modulation, 2011-03-14, 832
687, 3989.1161029134246, modulation, 2011-03-14, 832
688, 3989.117436239955, modulation, 2011-03-14, 832
689, 3989.118769566486, modulation, 2011-03-14, 832
690, 3989.121169554241, modulation, 2011-03-14, 832
691, 3989.1235695419964, modulation, 2011-03-14, 832
692, 3989.124902868527, modulation, 2011-03-14, 832
693, 3989.1262361950576, modulation, 2011-03-14, 832
694, 3989.1281028522003, modulation, 2011-03-14, 832
695, 3989.1289028481187, modulation, 2011-03-14, 832
696, 3989.1313028358736, modulation, 2011-03-14, 832
697, 3989.132636162404, modulation, 2011-03-14, 832
698, 3989.133702823629, modulation, 2011-03-14, 832
699, 3989.1350361501595, modulation, 2011-03-14, 832
700, 3989.13636947669, modulation, 2011-03-14, 832
701, 3989.1377028032207, modulation, 2011-03-14, 832
702, 3989.1390361297513, modulation, 2011-03-14, 832
703, 3989.1390361297513, unknown, 2011-03-14, 832
704, 3989.140102790976, modulation, 2011-03-14, 832
705, 3989.1441027705678, modulation, 2011-03-14, 832
706, 3989.145169431792, modulation, 2011-03-14, 832
707, 3989.147302754241, modulation, 2011-03-14, 832
708, 1421.402666730612, modulation, 2011-03-14, 836
709, 1430.3901334285713, pulse, 2011-03-15, 841
710, 3992.153810748246, modulation, 2011-03-15, 847
711, 3992.160165924155, modulation, 2011-03-15, 847
712, 3992.174080436496, modulation, 2011-03-15, 847
713, 3992.1753023052615, modulation, 2011-03-15, 847
714, 3992.1779689583227, modulation, 2011-03-15, 847
715, 3992.1841293435587, modulation, 2011-03-15, 847
716, 3992.1867689134247, modulation, 2011-03-15, 847
717, 3992.194266791837, modulation, 2011-03-15, 847
718, 3992.196933444898, modulation, 2011-03-15, 847
719, 3992.1981282304687, modulation, 2011-03-15, 847
720, 3992.20703547669, modulation, 2011-03-15, 847
721, 3992.209552130517, modulation, 2011-03-15, 847
722, 3992.2134354440373, modulation, 2011-03-15, 847
723, 1577.0798826228795, diagonal, 2011-03-15, 848
724, 1577.0802669959185, diagonal, 2011-03-15, 848
725, 1577.0813024073022, diagonal, 2011-03-15, 848
726, 1417.8336304399872, diagonal, 2011-03-15, 861
727, 8422.290369211383, squiggle, 2011-03-15, 860
728, 8422.294400440816, diagonal, 2011-03-15, 860
729, 3990.071819703986, pulse, 2011-03-15, 869
730, 3990.077573841295, pulse, 2011-03-15, 869
731, 3990.078089463664, pulse, 2011-03-15, 869
732, 3990.0789477926182, pulse, 2011-03-15, 869
733, 3990.0864206711576, pulse, 2011-03-15, 869
734, 3990.087036293017, pulse, 2011-03-15, 869
735, 3990.0895123220503, pulse, 2011-03-15, 869
736, 3990.107302856282, pulse, 2011-03-15, 869
737, 3990.126959005995, pulse, 2011-03-15, 869
738, 8422.618635843559, diagonal, 2011-03-15, 872
739, 3990.9129069127234, modulation, 2011-03-16, 894
740, 1418.376021376403, diagonal, 2011-03-16, 909
741, 1418.3902444382015, squiggle, 2011-03-16, 909
742, 1418.4003528746812, unknown, 2011-03-16, 909
743, 1417.720238351403, broadband, 2011-03-16, 913
744, 1417.720970650542, squiggle, 2011-03-16, 913
745, 1417.7237071367983, diagonal, 2011-03-16, 913
746, 1417.72438839375, broadband, 2011-03-16, 913
747, 3695.767048019484, diagonal, 2011-03-16, 914
748, 3695.768040722752, diagonal, 2011-03-16, 914
749, 3694.336303527535, unknown, 2011-03-16, 915
750, 3694.337282689206, diagonal, 2011-03-16, 915
751, 1418.4226364073022, diagonal, 2011-03-16, 921
752, 1422.8676742702007, diagonal, 2011-03-16, 924
753, 1422.9052272036033, diagonal, 2011-03-16, 924
754, 1418.9446399286353, broadband, 2011-03-16, 929
755, 1418.9451201418688, diagonal, 2011-03-16, 929
756, 1421.6118343814733, squiggle, 2011-03-16, 931
757, 1421.612682306792, squiggle, 2011-03-16, 931
758, 1421.6139677365752, squiggle, 2011-03-16, 931
759, 1421.6140896128188, diagonal, 2011-03-16, 931
760, 1421.6161333836735, broadband, 2011-03-16, 931
761, 1421.6182636137437, broadband, 2011-03-16, 931
762, 1421.6197813375638, squiggle, 2011-03-16, 931
763, 1421.6203865520727, broadband, 2011-03-16, 931
764, 1421.6246553456315, broadband, 2011-03-16, 931
765, 1421.6267814089924, broadband, 2011-03-16, 931
766, 1421.6289283058993, broadband, 2011-03-16, 931
767, 1421.62892413919, broadband, 2011-03-16, 931
768, 1421.6310449941645, broadband, 2011-03-16, 931
769, 1421.633204391199, broadband, 2011-03-16, 931
770, 1421.6353127460459, broadband, 2011-03-16, 931
771, 1421.6366033842155, squiggle, 2011-03-16, 931
776, 1421.6460097301976, broadband, 2011-03-16, 931
772, 1421.6374731847577, broadband, 2011-03-16, 931
773, 1421.6395909147002, broadband, 2011-03-16, 931
774, 1421.6417471867028, broadband, 2011-03-16, 931
775, 1421.6438576249043, broadband, 2011-03-16, 931
777, 1421.6481274601404, broadband, 2011-03-16, 931
778, 1421.6502681069835, broadband, 2011-03-16, 931
785, 1421.6673245310267, broadband, 2011-03-16, 931
779, 1421.6523764618303, broadband, 2011-03-16, 931
780, 1421.6545264837691, broadband, 2011-03-16, 931
781, 1421.6566817140945, broadband, 2011-03-16, 931
782, 1421.6588161108737, broadband, 2011-03-16, 931
783, 1421.6630567791453, broadband, 2011-03-16, 931
784, 1421.6652036760522, broadband, 2011-03-16, 931
786, 1421.6694755946428, broadband, 2011-03-16, 931
787, 1421.671592282908, broadband, 2011-03-16, 931
788, 1421.6737495965879, broadband, 2011-03-16, 931
789, 1421.6757006581631, broadband, 2011-03-16, 931
790, 3990.5214673265305, broadband, 2011-03-17, 934
791, 3990.544133877551, modulation, 2011-03-17, 934
792, 3991.644102219069, modulation, 2011-03-17, 938
793, 3991.6694358109053, modulation, 2011-03-17, 938
794, 3991.6758358762117, modulation, 2011-03-17, 938
795, 3991.6795692476403, modulation, 2011-03-17, 938
796, 3991.6808734276146, modulation, 2011-03-17, 938
797, 3991.6821619824295, modulation, 2011-03-17, 938
798, 3991.6846359660076, modulation, 2011-03-17, 938
799, 3991.688431838074, modulation, 2011-03-17, 938
800, 3991.689720392889, modulation, 2011-03-17, 938
801, 3991.6910360313136, modulation, 2011-03-17, 938
802, 3991.6922110433034, modulation, 2011-03-17, 938
803, 3991.693498556441, modulation, 2011-03-17, 938
804, 3991.694769402742, modulation, 2011-03-17, 938
805, 1420.4903660659918, diagonal, 2011-03-17, 939
806, 1420.4961202033005, diagonal, 2011-03-17, 939
807, 1420.508502431792, pulse, 2011-03-17, 939
808, 4462.7916095669325, diagonal, 2011-03-17, 942
809, 4462.798635680293, diagonal, 2011-03-17, 942
810, 4462.815916064955, diagonal, 2011-03-17, 942
811, 3987.9808090885203, modulation, 2011-03-17, 945
812, 3987.997299881792, modulation, 2011-03-17, 945
813, 3988.000305120791, modulation, 2011-03-17, 945
814, 3988.018857393431, modulation, 2011-03-17, 945
815, 3988.0214345030613, modulation, 2011-03-17, 945
816, 3988.0252137082907, modulation, 2011-03-17, 945
817, 3988.0277043587053, modulation, 2011-03-17, 945
818, 3988.034059631888, modulation, 2011-03-17, 945
819, 3988.035348186703, modulation, 2011-03-17, 945
820, 1417.492419486639, diagonal, 2011-03-17, 946
821, 3990.0033076845984, modulation, 2011-03-17, 982
822, 3990.0134421630105, modulation, 2011-03-17, 982
823, 3990.018509923055, modulation, 2011-03-17, 982
824, 3990.027442305867, modulation, 2011-03-17, 982
825, 3990.028644401467, modulation, 2011-03-17, 982
826, 3990.0299329562818, modulation, 2011-03-17, 982
827, 3990.0337121615116, modulation, 2011-03-17, 982
828, 3990.0350007163265, modulation, 2011-03-17, 982
829, 3990.036289271142, modulation, 2011-03-17, 982
830, 3990.0438466399237, modulation, 2011-03-17, 982
831, 3990.0451351947386, modulation, 2011-03-17, 982
832, 3990.047625845153, modulation, 2011-03-17, 982
833, 3990.048914399968, modulation, 2011-03-17, 982
834, 3990.0514915095982, modulation, 2011-03-17, 982
835, 3990.0539821600128, modulation, 2011-03-17, 982
836, 3990.0565582279655, modulation, 2011-03-17, 982
837, 3990.057846782781, modulation, 2011-03-17, 982
838, 3991.3698826228792, modulation, 2011-03-17, 1050
839, 3991.3704117868465, modulation, 2011-03-17, 1050
840, 3991.372902399139, modulation, 2011-03-17, 1050
841, 3991.3741909342316, modulation, 2011-03-17, 1050
842, 3991.375479469324, modulation, 2011-03-17, 1050
843, 3991.376681546524, modulation, 2011-03-17, 1050
844, 3991.379302366486, modulation, 2011-03-17, 1050
845, 3991.3817336040815, modulation, 2011-03-17, 1050
846, 3991.384369007302, modulation, 2011-03-17, 1050
847, 3991.385528376387, modulation, 2011-03-17, 1050
848, 3991.3867689950575, modulation, 2011-03-17, 1050
849, 3991.390681475096, modulation, 2011-03-17, 1050
850, 3991.393168962404, modulation, 2011-03-17, 1050
851, 3991.3957491575734, modulation, 2011-03-17, 1050
852, 1419.7624837655612, unknown, 2011-03-17, 1051
853, 3991.403302244037, modulation, 2011-03-17, 1050
854, 3991.4046355705677, modulation, 2011-03-17, 1050
855, 3991.4058834808675, modulation, 2011-03-17, 1050
856, 3991.408368884853, modulation, 2011-03-17, 1050
857, 3991.412238656776, modulation, 2011-03-17, 1050
858, 3991.417220923023, modulation, 2011-03-17, 1050
859, 3991.418502166486, modulation, 2011-03-17, 1050
860, 1419.7732201691167, unknown, 2011-03-17, 1051
861, 3991.4197969515467, modulation, 2011-03-17, 1050
862, 3991.4210000704084, modulation, 2011-03-17, 1050
863, 3991.4222875638393, modulation, 2011-03-17, 1050
864, 3991.423568807302, modulation, 2011-03-17, 1050
865, 3991.424902133833, modulation, 2011-03-17, 1050
866, 3991.427355246317, modulation, 2011-03-17, 1050
867, 3991.4286354481187, modulation, 2011-03-17, 1050
868, 3991.43130210118, modulation, 2011-03-17, 1050
869, 3991.4337020889348, modulation, 2011-03-17, 1050
870, 1419.8514210804847, diagonal, 2011-03-17, 1055
871, 3990.2606051574617, unknown, 2011-03-17, 1069
872, 3990.264369721588, unknown, 2011-03-17, 1069
873, 6669.337958692092, diagonal, 2011-03-17, 1071
874, 3690.691477040258, diagonal, 2011-03-18, 1079
875, 1422.7985486292412, diagonal, 2011-03-18, 1086
884, 1421.6448003428573, pulse, 2011-03-18, 1126
890, 1574.5994468198342, diagonal, 2011-03-18, 1132
891, 3989.0198367379144, modulation, 2011-03-18, 1133
895, 3989.0345033297513, pulse, 2011-03-18, 1133
917, 3989.0769031134246, pulse, 2011-03-18, 1133
876, 1574.661302754241, diagonal, 2011-03-18, 1086
877, 3990.45693536411, pulse, 2011-03-18, 1088
878, 3990.462014504863, pulse, 2011-03-18, 1088
879, 1420.0368122133768, modulation, 2011-03-18, 1098
880, 1574.9305795725766, diagonal, 2011-03-18, 1107
881, 1417.9381577541294, squiggle, 2011-03-18, 1116
882, 6669.137304511033, squiggle, 2011-03-18, 1112
883, 1420.66248910448, modulation, 2011-03-18, 1122
885, 1421.648235794579, squiggle, 2011-03-18, 1126
886, 1422.126102354241, diagonal, 2011-03-18, 1128
887, 1574.5972457893972, diagonal, 2011-03-18, 1132
888, 1574.5974572466516, diagonal, 2011-03-18, 1132
889, 1574.5983791169483, diagonal, 2011-03-18, 1132
892, 3989.0289033583226, pulse, 2011-03-18, 1133
893, 3989.031303346078, modulation, 2011-03-18, 1133
894, 3989.0326366726085, pulse, 2011-03-18, 1133
896, 3989.0350366603634, modulation, 2011-03-18, 1133
897, 3989.036369986894, modulation, 2011-03-18, 1133
898, 4461.597245789397, diagonal, 2011-03-18, 1136
899, 3989.0441032807717, pulse, 2011-03-18, 1133
900, 3989.046769933833, modulation, 2011-03-18, 1133
901, 3989.051569909343, pulse, 2011-03-18, 1133
902, 3989.0529032358736, modulation, 2011-03-18, 1133
903, 3989.054236562404, pulse, 2011-03-18, 1133
904, 3989.055303223629, modulation, 2011-03-18, 1133
905, 3989.0566365501595, modulation, 2011-03-18, 1133
906, 3989.05796987669, pulse, 2011-03-18, 1133
907, 3989.0593032032207, modulation, 2011-03-18, 1133
908, 3989.064103178731, pulse, 2011-03-18, 1133
909, 1421.5058106768176, diagonal, 2011-03-18, 1135
910, 3989.0649031746493, modulation, 2011-03-18, 1133
911, 3989.0654365052615, pulse, 2011-03-18, 1133
912, 3989.066769831792, pulse, 2011-03-18, 1133
913, 3989.0681031583226, pulse, 2011-03-18, 1133
914, 3989.0718364726085, modulation, 2011-03-18, 1133
915, 3989.073169799139, modulation, 2011-03-18, 1133
916, 3989.073436464445, pulse, 2011-03-18, 1133
918, 3989.079569766486, pulse, 2011-03-18, 1133
919, 3989.080903093017, pulse, 2011-03-18, 1133
920, 1421.428235549681, pulse, 2011-03-18, 1137
921, 8421.598533282828, squiggle, 2011-03-18, 1139
922, 8421.599230154272, pulse, 2011-03-18, 1139
923, 8421.602243680563, diagonal, 2011-03-18, 1139
924, 8421.603312425112, diagonal, 2011-03-18, 1139
925, 8421.605639496573, modulation, 2011-03-18, 1139
926, 1421.531702211384, pulse, 2011-03-18, 1135
927, 4459.640236399138, unknown, 2011-03-18, 1145
928, 4459.6746674734695, diagonal, 2011-03-18, 1145
929, 1427.2597030073023, diagonal, 2011-03-18, 1153
930, 1419.8585496228795, broadband, 2011-03-18, 1152
931, 3991.3057027419964, pulse, 2011-03-18, 1155
932, 3991.3060006571427, pulse, 2011-03-18, 1155
933, 3991.3161339387757, pulse, 2011-03-18, 1155
934, 3991.3166360195473, pulse, 2011-03-18, 1155
935, 3991.3174360154653, pulse, 2011-03-18, 1155
936, 3991.3187693419964, pulse, 2011-03-18, 1155
937, 3991.3238359828124, pulse, 2011-03-18, 1155
938, 3991.325169309343, pulse, 2011-03-18, 1155
939, 3991.3262359705677, pulse, 2011-03-18, 1155
940, 3991.328902623629, pulse, 2011-03-18, 1155
941, 3991.3302359501595, pulse, 2011-03-18, 1155
942, 3991.340369231792, pulse, 2011-03-18, 1155
943, 3991.3414358930168, pulse, 2011-03-18, 1155
944, 3991.3427692195473, pulse, 2011-03-18, 1155
945, 3991.3454358726085, pulse, 2011-03-18, 1155
946, 3991.3465337836733, pulse, 2011-03-18, 1155
947, 3991.347035864445, pulse, 2011-03-18, 1155
948, 3991.349169186894, pulse, 2011-03-18, 1155
949, 3991.35290250118, pulse, 2011-03-18, 1155
950, 3991.3542358277105, pulse, 2011-03-18, 1155
951, 3991.3553337387757, pulse, 2011-03-18, 1155
952, 3991.3579691419964, pulse, 2011-03-18, 1155
953, 3991.359302468527, pulse, 2011-03-18, 1155
954, 3991.3606357950575, pulse, 2011-03-18, 1155
955, 3991.361702456282, pulse, 2011-03-18, 1155
956, 3991.364369109343, pulse, 2011-03-18, 1155
957, 3991.368102423629, pulse, 2011-03-18, 1155
958, 3990.003333726531, unknown, 2011-03-18, 1163
959, 3990.0046358231507, unknown, 2011-03-18, 1163
960, 3990.012240067411, unknown, 2011-03-18, 1163
961, 1421.4650671755103, modulation, 2011-03-18, 1165
962, 3990.0287308606826, unknown, 2011-03-18, 1163
963, 3990.0337121615116, unknown, 2011-03-18, 1163
964, 3990.03637468868, unknown, 2011-03-18, 1163
965, 3990.043933099139, unknown, 2011-03-18, 1163
966, 1429.0123228570312, modulation, 2011-03-18, 1170
967, 1429.0202676081633, modulation, 2011-03-18, 1170
968, 3990.0452216539543, unknown, 2011-03-18, 1163
969, 3990.047712304369, unknown, 2011-03-18, 1163
970, 3988.6373200228636, pulse, 2011-03-18, 1175
971, 3988.6379700195475, pulse, 2011-03-18, 1175
972, 3988.6386950158485, pulse, 2011-03-18, 1175
973, 3988.6398366766903, pulse, 2011-03-18, 1175
974, 3988.64341895008, pulse, 2011-03-18, 1175
975, 3988.650890786958, pulse, 2011-03-18, 1175
976, 3988.656903256282, pulse, 2011-03-18, 1175
977, 3988.6582365828126, pulse, 2011-03-18, 1175
980, 3988.661703231792, pulse, 2011-03-18, 1175
1001, 3991.283302856282, modulation, 2011-03-18, 1189
1004, 3991.28756950118, modulation, 2011-03-18, 1189
1005, 3991.2883694970983, modulation, 2011-03-18, 1189
1024, 1577.8084393551658, diagonal, 2011-03-18, 1205
978, 3988.6582772076054, pulse, 2011-03-18, 1175
990, 1575.1198826228795, pulse, 2011-03-18, 1184
998, 3991.2782362154653, modulation, 2011-03-18, 1189
1040, 1577.8215686558035, diagonal, 2011-03-18, 1205
1050, 1577.8314354231504, diagonal, 2011-03-18, 1205
1055, 1577.8365021415177, diagonal, 2011-03-18, 1205
1059, 1577.8405021823341, diagonal, 2011-03-18, 1205
1075, 1577.8575690231505, diagonal, 2011-03-18, 1205
979, 3988.660939694021, pulse, 2011-03-18, 1175
986, 3988.687994764318, pulse, 2011-03-18, 1175
989, 1421.891772443511, unknown, 2011-03-18, 1182
1016, 1577.7994350966198, diagonal, 2011-03-18, 1205
1033, 1577.8154352598851, diagonal, 2011-03-18, 1205
1045, 1577.8263687047831, diagonal, 2011-03-18, 1205
1051, 1577.8325021007015, diagonal, 2011-03-18, 1205
1068, 1577.850368949681, diagonal, 2011-03-18, 1205
1082, 3990.179442071556, pulse, 2011-03-18, 1201
981, 3988.675836493017, pulse, 2011-03-18, 1175
988, 1421.9199691746494, squiggle, 2011-03-18, 1162
1013, 3990.13327251545, pulse, 2011-03-18, 1201
1049, 1577.8303687455993, diagonal, 2011-03-18, 1205
1052, 1577.8333333591836, diagonal, 2011-03-18, 1205
1070, 1577.852502304783, diagonal, 2011-03-18, 1205
982, 3988.678503146078, pulse, 2011-03-18, 1175
997, 3991.2769028889347, modulation, 2011-03-18, 1189
1009, 3991.298502778731, modulation, 2011-03-18, 1189
1019, 1577.8034351374363, diagonal, 2011-03-18, 1205
1057, 1577.838400077551, diagonal, 2011-03-18, 1205
1076, 1577.8583690313137, diagonal, 2011-03-18, 1205
983, 1421.907969235874, pulse, 2011-03-18, 1162
987, 3988.689368715641, diagonal, 2011-03-18, 1175
1007, 3991.2945340489796, modulation, 2011-03-18, 1189
1011, 3991.301169431792, modulation, 2011-03-18, 1189
1032, 1577.814368582334, diagonal, 2011-03-18, 1205
1044, 1577.825333277551, diagonal, 2011-03-18, 1205
1062, 1577.8434355455995, diagonal, 2011-03-18, 1205
1064, 1577.8455689007014, diagonal, 2011-03-18, 1205
984, 3988.6804010530614, modulation, 2011-03-18, 1175
985, 3988.687994764318, pulse, 2011-03-18, 1175
1022, 1577.8063997510203, diagonal, 2011-03-18, 1205
1025, 1577.8093841564732, diagonal, 2011-03-18, 1205
1026, 1577.8085331061225, diagonal, 2011-03-18, 1205
1035, 1577.8175686149873, diagonal, 2011-03-18, 1205
1066, 1577.8485022639668, diagonal, 2011-03-18, 1205
991, 3991.2401343265306, modulation, 2011-03-18, 1189
992, 3991.245734297959, unknown, 2011-03-18, 1189
994, 3991.27450290118, modulation, 2011-03-18, 1189
996, 1421.497701620743, squiggle, 2011-03-18, 1192
1000, 3991.2820007795917, modulation, 2011-03-18, 1189
1008, 3991.29586737551, modulation, 2011-03-18, 1189
1017, 1577.801333032653, diagonal, 2011-03-18, 1205
1037, 4460.282002791486, squiggle, 2011-03-18, 1185
1042, 1577.8234353415178, diagonal, 2011-03-18, 1205
1046, 1577.8274353823342, diagonal, 2011-03-18, 1205
1047, 1577.828502059885, diagonal, 2011-03-18, 1205
1058, 1577.839435504783, diagonal, 2011-03-18, 1205
1065, 1577.8474355864157, diagonal, 2011-03-18, 1205
1084, 3990.188688899378, pulse, 2011-03-18, 1201
993, 1421.4845829376754, squiggle, 2011-03-18, 1192
1023, 1577.8074945538583, diagonal, 2011-03-18, 1205
1038, 1577.8194353007016, diagonal, 2011-03-18, 1205
1071, 1577.853568982334, diagonal, 2011-03-18, 1205
1074, 1577.8565023455994, diagonal, 2011-03-18, 1205
1083, 3990.184512879018, pulse, 2011-03-18, 1201
995, 3991.2769028889347, modulation, 2011-03-18, 1189
1012, 3991.303302754241, modulation, 2011-03-18, 1189
1028, 1577.8103685415178, diagonal, 2011-03-18, 1205
1034, 1577.8165019374362, diagonal, 2011-03-18, 1205
1039, 1577.8205019782524, diagonal, 2011-03-18, 1205
1048, 1577.8293333183674, diagonal, 2011-03-18, 1205
1067, 1577.8495689415179, diagonal, 2011-03-18, 1205
1078, 3990.1765233364476, pulse, 2011-03-18, 1201
1080, 1577.8615690639667, diagonal, 2011-03-18, 1205
1081, 1577.86236907213, diagonal, 2011-03-18, 1205
999, 3991.2795695419964, modulation, 2011-03-18, 1189
1029, 1577.811435219069, diagonal, 2011-03-18, 1205
1043, 1577.8245020190689, diagonal, 2011-03-18, 1205
1002, 3991.2846361828124, modulation, 2011-03-18, 1189
1010, 3991.2998361052614, modulation, 2011-03-18, 1189
1015, 1577.798368419069, diagonal, 2011-03-18, 1205
1030, 1577.8125018966198, diagonal, 2011-03-18, 1205
1054, 1577.8354354639669, diagonal, 2011-03-18, 1205
1072, 1577.8543689904973, diagonal, 2011-03-18, 1205
1003, 3991.2857340938776, modulation, 2011-03-18, 1189
1014, 1426.76263649662, squiggle, 2011-03-18, 1202
1021, 1577.8055684925382, diagonal, 2011-03-18, 1205
1036, 1577.8183998734694, diagonal, 2011-03-18, 1205
1056, 1577.8373334, diagonal, 2011-03-18, 1205
1063, 1577.8445022231504, diagonal, 2011-03-18, 1205
1077, 1577.8594357088648, diagonal, 2011-03-18, 1205
1085, 3990.1913930522483, modulation, 2011-03-18, 1201
1006, 3991.290769484853, modulation, 2011-03-18, 1189
1018, 1577.802399710204, diagonal, 2011-03-18, 1205
1031, 1577.8135685741709, diagonal, 2011-03-18, 1205
1041, 1577.8223999142856, diagonal, 2011-03-18, 1205
1053, 1577.8343687864158, diagonal, 2011-03-18, 1205
1061, 1577.8423688680484, diagonal, 2011-03-18, 1205
1069, 1577.8514356272321, diagonal, 2011-03-18, 1205
1073, 1577.8554356680484, diagonal, 2011-03-18, 1205
1020, 1577.8045018149871, diagonal, 2011-03-18, 1205
1027, 1577.8093331142857, diagonal, 2011-03-18, 1205
1060, 1577.8413334408162, diagonal, 2011-03-18, 1205
1079, 1577.8605023864156, diagonal, 2011-03-18, 1205
1086, 1422.4754607296238, unknown, 2011-03-18, 1231
1087, 1422.4774575944357, modulation, 2011-03-18, 1231
1088, 1422.4817096560746, modulation, 2011-03-18, 1231
1089, 1422.4838752700257, broadband, 2011-03-18, 1231
1090, 1419.5089023277105, broadband, 2011-03-18, 1235
1091, 1419.5110491917571, broadband, 2011-03-18, 1235
1092, 1419.513197097465, broadband, 2011-03-18, 1235
1093, 1419.5153439615115, broadband, 2011-03-18, 1235
1094, 1419.517490825558, broadband, 2011-03-18, 1235
1095, 1419.5196376896047, broadband, 2011-03-18, 1235
1096, 1419.5216991374205, broadband, 2011-03-18, 1235
1097, 1419.5238470431282, broadband, 2011-03-18, 1235
1098, 1419.5259939071748, broadband, 2011-03-18, 1235
1099, 1419.5281407712214, broadband, 2011-03-18, 1235
1100, 1419.5302886769293, broadband, 2011-03-18, 1235
1101, 1419.532435540976, broadband, 2011-03-18, 1235
1102, 1419.5345824050223, broadband, 2011-03-18, 1235
1103, 1419.536643852838, broadband, 2011-03-18, 1235
1104, 1419.5387907168847, broadband, 2011-03-18, 1235
1105, 1419.5409386225926, broadband, 2011-03-18, 1235
1106, 1419.543085486639, broadband, 2011-03-18, 1235
1107, 1419.5452323506856, broadband, 2011-03-18, 1235
1108, 1419.5472937985014, broadband, 2011-03-18, 1235
1109, 1419.5494417042094, broadband, 2011-03-18, 1235
1110, 1419.5515885682557, broadband, 2011-03-18, 1235
1111, 1419.5537354323023, broadband, 2011-03-18, 1235
1112, 1419.5558833380103, broadband, 2011-03-18, 1235
1113, 1573.36276707449, diagonal, 2011-03-18, 1257
1114, 3989.630769341518, modulation, 2011-03-18, 1264
1115, 1417.9544764208706, squiggle, 2011-03-18, 1263
1116, 3994.444942424075, modulation, 2011-03-18, 1266
1117, 3994.451301863967, modulation, 2011-03-18, 1266
1118, 3994.453101882334, pulse, 2011-03-18, 1266
1119, 3994.4538748068876, pulse, 2011-03-18, 1266
1120, 3994.455163361703, pulse, 2011-03-18, 1266
1121, 3994.4571685904975, pulse, 2011-03-18, 1266
1122, 3994.457701929273, pulse, 2011-03-18, 1266
1123, 3994.4585019374363, pulse, 2011-03-18, 1266
1124, 3994.459835284375, unknown, 2011-03-18, 1266
1125, 3994.4639238677614, modulation, 2011-03-18, 1266
1126, 3994.46658639493, modulation, 2011-03-18, 1266
1127, 3994.470709353667, pulse, 2011-03-18, 1266
1128, 3994.4715687374364, pulse, 2011-03-18, 1266
1129, 3994.471997908482, pulse, 2011-03-18, 1266
1130, 3994.4733718808357, pulse, 2011-03-18, 1266
1131, 3994.4760344080037, modulation, 2011-03-18, 1266
1132, 3994.4774354639667, pulse, 2011-03-18, 1266
1133, 3994.4787688109054, modulation, 2011-03-18, 1266
1134, 3994.480102157844, modulation, 2011-03-18, 1266
1135, 3994.4814355047833, modulation, 2011-03-18, 1266
1136, 3994.4875439004463, modulation, 2011-03-18, 1266
1137, 3994.4909793521683, modulation, 2011-03-18, 1266
1138, 3994.492267906983, modulation, 2011-03-18, 1266
1139, 3994.499035684375, modulation, 2011-03-18, 1266
1140, 3994.50077111875, pulse, 2011-03-18, 1266
1141, 3994.5030898924106, modulation, 2011-03-18, 1266
1142, 3994.503302394579, pulse, 2011-03-18, 1266
1143, 3994.504463864764, modulation, 2011-03-18, 1266
1144, 3991.959613864047, modulation, 2011-03-18, 1282
1145, 3991.9609023991393, modulation, 2011-03-18, 1282
1146, 3991.9634794693243, modulation, 2011-03-18, 1282
1147, 3991.963908633801, modulation, 2011-03-18, 1282
1148, 3991.9646815465244, modulation, 2011-03-18, 1282
1149, 3991.9652825851244, modulation, 2011-03-18, 1282
1150, 3991.9659690399553, modulation, 2011-03-18, 1282
1151, 3991.9680315294327, pulse, 2011-03-18, 1282
1152, 3991.971035680772, modulation, 2011-03-18, 1282
1153, 3991.972325257526, modulation, 2011-03-18, 1282
1154, 3991.9736137926184, modulation, 2011-03-18, 1282
1155, 3991.9748158698185, modulation, 2011-03-18, 1282
1156, 3991.9773929400035, modulation, 2011-03-18, 1282
1157, 3991.978681475096, modulation, 2011-03-18, 1282
1158, 3991.979883552296, modulation, 2011-03-18, 1282
1159, 3991.9801418843113, modulation, 2011-03-18, 1282
1160, 3991.9837491575736, modulation, 2011-03-18, 1282
1161, 3991.9849512347737, modulation, 2011-03-18, 1282
1162, 3991.986235603221, modulation, 2011-03-18, 1282
1163, 3991.989588711113, modulation, 2011-03-18, 1282
1164, 3991.9900189172513, modulation, 2011-03-18, 1282
1165, 3991.9913022440373, modulation, 2011-03-18, 1282
1166, 3991.9938834808677, modulation, 2011-03-18, 1282
1167, 3991.9963688848534, modulation, 2011-03-18, 1282
1168, 3991.997662628253, modulation, 2011-03-18, 1282
1169, 3991.9989511633453, modulation, 2011-03-18, 1282
1170, 3992.0001532405454, modulation, 2011-03-18, 1282
1171, 3992.00143552567, modulation, 2011-03-18, 1282
1172, 3992.0027688522005, modulation, 2011-03-18, 1282
1173, 3992.0040178041613, modulation, 2011-03-18, 1282
1174, 3992.005306339254, modulation, 2011-03-18, 1282
1175, 3992.007796951547, modulation, 2011-03-18, 1282
1221, 3991.6484001795916, modulation, 2011-03-18, 1382
1233, 3991.6673024558036, modulation, 2011-03-18, 1382
1234, 3991.6683691333546, modulation, 2011-03-18, 1382
1242, 3991.6849026353952, modulation, 2011-03-18, 1382
1246, 3991.6924006285712, modulation, 2011-03-18, 1382
1289, 1419.7169496228794, pulse, 2011-03-18, 1385
1176, 3992.011232350686, modulation, 2011-03-18, 1282
1187, 1418.5238804783323, diagonal, 2011-03-18, 1335
1208, 1572.1166246504145, broadband, 2011-03-18, 1376
1222, 3991.6494356068238, modulation, 2011-03-18, 1382
1249, 1420.5274359460777, diagonal, 2011-03-18, 1383
1261, 3991.1310359664863, modulation, 2011-03-18, 1384
1262, 3991.132369293017, modulation, 2011-03-18, 1384
1270, 3991.146235888935, modulation, 2011-03-18, 1384
1285, 3991.166800367347, modulation, 2011-03-18, 1384
1177, 3992.011576098932, modulation, 2011-03-18, 1282
1186, 1418.5232471482302, modulation, 2011-03-18, 1335
1189, 1574.5974270384725, diagonal, 2011-03-18, 1342
1198, 1575.8403746135684, diagonal, 2011-03-18, 1348
1201, 1423.003442605054, diagonal, 2011-03-18, 1349
1209, 3690.386134220408, modulation, 2011-03-18, 1378
1213, 3991.632902104783, modulation, 2011-03-18, 1382
1218, 3991.639302170089, modulation, 2011-03-18, 1382
1219, 3991.6454668163265, modulation, 2011-03-18, 1382
1226, 3991.6582356966196, modulation, 2011-03-18, 1382
1264, 3991.135035946078, modulation, 2011-03-18, 1384
1269, 3991.1451692277105, modulation, 2011-03-18, 1384
1280, 3991.1603691501596, modulation, 2011-03-18, 1384
1178, 3992.0128646340245, modulation, 2011-03-18, 1282
1197, 1575.8383506655614, diagonal, 2011-03-18, 1348
1207, 1427.9501024848535, diagonal, 2011-03-18, 1357
1217, 3991.638235492538, modulation, 2011-03-18, 1382
1224, 3991.6521023007012, modulation, 2011-03-18, 1382
1227, 3991.6596002938772, modulation, 2011-03-18, 1382
1243, 3991.6876005795916, modulation, 2011-03-18, 1382
1266, 3991.140102586894, modulation, 2011-03-18, 1384
1281, 3991.161435811384, diagonal, 2011-03-18, 1384
1179, 3992.015355246317, modulation, 2011-03-18, 1282
1202, 1423.009167575845, modulation, 2011-03-18, 1349
1210, 3693.159969154241, diagonal, 2011-03-18, 1379
1231, 3991.664635761926, modulation, 2011-03-18, 1382
1232, 3991.6657024394767, modulation, 2011-03-18, 1382
1248, 3991.69503607213, modulation, 2011-03-18, 1382
1274, 3991.1489025419964, modulation, 2011-03-18, 1384
1282, 3991.1627691379144, modulation, 2011-03-18, 1384
1180, 3992.0192208515946, modulation, 2011-03-18, 1282
1192, 3992.741733665306, pulse, 2011-03-18, 1346
1258, 3991.1246672489797, modulation, 2011-03-18, 1384
1265, 3991.137702599139, modulation, 2011-03-18, 1384
1271, 3991.1473025501596, pulse, 2011-03-18, 1384
1287, 3991.170502431792, modulation, 2011-03-18, 1384
1181, 3992.0205083450255, modulation, 2011-03-18, 1282
1184, 1429.0203957325095, modulation, 2011-03-18, 1284
1193, 3992.743035741996, pulse, 2011-03-18, 1346
1199, 1575.8415923156888, diagonal, 2011-03-18, 1348
1254, 3991.1147693828125, modulation, 2011-03-18, 1384
1182, 3992.021711463887, modulation, 2011-03-18, 1282
1204, 1427.9138360032207, diagonal, 2011-03-18, 1357
1244, 3991.6899693537625, modulation, 2011-03-18, 1382
1256, 3991.117169370568, modulation, 2011-03-18, 1384
1272, 3991.1473025501596, radar, 2011-03-18, 1384
1275, 3991.1502671183675, modulation, 2011-03-18, 1384
1183, 1429.0123228570312, modulation, 2011-03-18, 1284
1212, 3991.631866677551, modulation, 2011-03-18, 1382
1216, 3991.6369021455994, modulation, 2011-03-18, 1382
1240, 3991.6812005142856, modulation, 2011-03-18, 1382
1241, 3991.6835692884565, modulation, 2011-03-18, 1382
1283, 3991.164667044898, diagonal, 2011-03-18, 1384
1185, 3993.2710360481187, pulse, 2011-03-18, 1313
1203, 1427.9066360399554, broadband, 2011-03-18, 1357
1214, 3991.634235451722, modulation, 2011-03-18, 1382
1251, 3991.1097027419964, modulation, 2011-03-18, 1384
1260, 3991.1299693052615, modulation, 2011-03-18, 1384
1273, 3991.1473025501596, unknown, 2011-03-18, 1384
1276, 3991.1526671061224, modulation, 2011-03-18, 1384
1188, 4462.455639159837, squiggle, 2011-03-18, 1338
1196, 3992.781200130612, pulse, 2011-03-18, 1346
1228, 3991.661032600159, modulation, 2011-03-18, 1382
1253, 3991.112667310204, diagonal, 2011-03-18, 1384
1286, 3991.1691691052615, modulation, 2011-03-18, 1384
1190, 1574.5974103718909, pulse, 2011-03-18, 1342
1223, 3991.6507689537625, modulation, 2011-03-18, 1382
1229, 3991.6622357374363, modulation, 2011-03-18, 1382
1235, 3991.673435851722, modulation, 2011-03-18, 1382
1238, 3991.678502570089, modulation, 2011-03-18, 1382
1259, 3991.128635978731, modulation, 2011-03-18, 1384
1268, 3991.1425025746494, modulation, 2011-03-18, 1384
1284, 3991.165969121588, modulation, 2011-03-18, 1384
1191, 1574.5974103718909, broadband, 2011-03-18, 1342
1220, 3991.6467689129463, modulation, 2011-03-18, 1382
1225, 3991.6531689782523, modulation, 2011-03-18, 1382
1230, 3991.6630357455992, modulation, 2011-03-18, 1382
1247, 3991.693702725191, modulation, 2011-03-18, 1382
1278, 3991.1566358358737, modulation, 2011-03-18, 1384
1194, 3992.744369068527, pulse, 2011-03-18, 1346
1236, 3991.6761025455994, modulation, 2011-03-18, 1382
1237, 3991.677435892538, modulation, 2011-03-18, 1382
1255, 3991.115836044037, modulation, 2011-03-18, 1384
1267, 3991.141169248119, modulation, 2011-03-18, 1384
1277, 3991.1537025175066, modulation, 2011-03-18, 1384
1288, 3991.172635754241, modulation, 2011-03-18, 1384
1195, 3992.7481336326528, pulse, 2011-03-18, 1346
1205, 1427.9149026644452, diagonal, 2011-03-18, 1357
1206, 1427.9184005632653, unknown, 2011-03-18, 1357
1215, 3991.635302129273, modulation, 2011-03-18, 1382
1239, 3991.679835917028, modulation, 2011-03-18, 1382
1250, 1420.532235921588, diagonal, 2011-03-18, 1383
1263, 3991.1337026195474, modulation, 2011-03-18, 1384
1200, 1423.0009103263073, diagonal, 2011-03-18, 1349
1211, 3991.631215629241, modulation, 2011-03-18, 1382
1245, 3991.6924006285712, modulation, 2011-03-18, 1382
1252, 3991.1121027297513, modulation, 2011-03-18, 1384
1257, 3991.1185026970984, modulation, 2011-03-18, 1384
1279, 3991.1577024970984, modulation, 2011-03-18, 1384
1290, 3990.520549622879, modulation, 2011-03-18, 1386
1291, 3990.5217027419963, modulation, 2011-03-18, 1386
1292, 3990.523036068527, modulation, 2011-03-18, 1386
1293, 3990.524102729751, modulation, 2011-03-18, 1386
1294, 3990.5254360562817, modulation, 2011-03-18, 1386
1295, 3990.5267693828123, modulation, 2011-03-18, 1386
1296, 3990.5313026930166, diagonal, 2011-03-18, 1386
1297, 3990.531836023629, modulation, 2011-03-18, 1386
1298, 3990.5321026889346, modulation, 2011-03-18, 1386
1299, 3990.532636019547, pulse, 2011-03-18, 1386
1300, 3990.5355693379142, modulation, 2011-03-18, 1386
1301, 3990.538235990976, diagonal, 2011-03-18, 1386
1302, 3990.5385026562817, broadband, 2011-03-18, 1386
1303, 3990.5385026562817, modulation, 2011-03-18, 1386
1304, 3990.5406359787307, modulation, 2011-03-18, 1386
1305, 3990.5419693052613, modulation, 2011-03-18, 1386
1306, 3990.5443692930166, pulse, 2011-03-18, 1386
1307, 3990.5457026195472, modulation, 2011-03-18, 1386
1308, 3990.5470671959183, pulse, 2011-03-18, 1386
1309, 3990.548102607302, pulse, 2011-03-18, 1386
1310, 3990.55106717551, modulation, 2011-03-18, 1386
1311, 3990.5531692481186, pulse, 2011-03-18, 1386
1312, 3990.5531692481186, radar, 2011-03-18, 1386
1313, 3990.5531692481186, modulation, 2011-03-18, 1386
1314, 3990.5537338285712, modulation, 2011-03-18, 1386
1315, 3990.554235909343, modulation, 2011-03-18, 1386
1316, 3990.5555692358735, diagonal, 2011-03-18, 1386
1317, 3990.5558359011798, modulation, 2011-03-18, 1386
1318, 3990.556635897098, modulation, 2011-03-18, 1386
1319, 3990.5577025583225, modulation, 2011-03-18, 1386
1320, 3990.559867130612, modulation, 2011-03-18, 1386
1321, 3990.5609025419963, modulation, 2011-03-18, 1386
1322, 3990.5625025338327, modulation, 2011-03-18, 1386
1323, 3990.564902521588, modulation, 2011-03-18, 1386
1324, 3990.567302509343, modulation, 2011-03-18, 1386
1325, 3990.5697337469387, modulation, 2011-03-18, 1386
1326, 3990.5723691501594, modulation, 2011-03-18, 1386
1327, 3990.57370247669, modulation, 2011-03-18, 1386
1328, 3990.5747691379142, modulation, 2011-03-18, 1386
1329, 3990.575302468527, modulation, 2011-03-18, 1386
1330, 3990.576102464445, broadband, 2011-03-18, 1386
1331, 3990.5787691175065, pulse, 2011-03-18, 1386
1332, 3990.5801336938775, modulation, 2011-03-18, 1386
1333, 3990.5814357705676, unknown, 2011-03-18, 1386
1334, 3990.5835690930166, modulation, 2011-03-18, 1386
1335, 6669.12290250118, diagonal, 2011-03-18, 1388
1336, 1422.0086115135523, modulation, 2011-03-18, 1390
1337, 1422.0108438279976, modulation, 2011-03-18, 1390
1338, 1422.1293677870694, unknown, 2011-03-18, 1392
1339, 1422.1298354930166, diagonal, 2011-03-18, 1392
1340, 1422.7631185953126, diagonal, 2011-03-18, 1394
1341, 4460.623169717506, diagonal, 2011-03-18, 1395
1342, 4460.6256009551025, diagonal, 2011-03-18, 1395
1343, 4460.626103035874, diagonal, 2011-03-18, 1395
1344, 4460.636769648118, diagonal, 2011-03-18, 1395
1345, 4460.672714256393, diagonal, 2011-03-18, 1395
1346, 6671.81854962288, radar, 2011-03-18, 1397
1347, 6671.828502697098, unknown, 2011-03-18, 1397
1348, 6671.860132744053, unknown, 2011-03-18, 1397
1349, 1576.4417651702488, diagonal, 2011-03-18, 1404
1350, 1576.4604890330518, broadband, 2011-03-18, 1404
1351, 1576.46444005456, broadband, 2011-03-18, 1404
1352, 1576.4665015023756, broadband, 2011-03-18, 1404
1353, 1576.4675317054528, broadband, 2011-03-18, 1404
1354, 1576.470280649761, broadband, 2011-03-18, 1404
1355, 1576.4735441747769, broadband, 2011-03-18, 1404
1356, 1576.4747462519772, broadband, 2011-03-18, 1404
1357, 1576.4762920774235, broadband, 2011-03-18, 1404
1358, 1576.4785253993623, diagonal, 2011-03-18, 1404
1359, 1576.4804149730548, broadband, 2011-03-18, 1404
1360, 1576.4835066239477, broadband, 2011-03-18, 1404
1361, 1576.4878013937023, broadband, 2011-03-18, 1404
1362, 4458.790406526675, pulse, 2011-03-18, 1432
1363, 3691.6270172158165, diagonal, 2011-03-18, 1435
1364, 3691.6516351753507, diagonal, 2011-03-18, 1435
1365, 3691.6525747682717, diagonal, 2011-03-18, 1435
1366, 1577.6023850859058, diagonal, 2011-03-18, 1442
1367, 1577.603417388106, diagonal, 2011-03-18, 1442
1368, 1577.604424690051, diagonal, 2011-03-18, 1442
1369, 1577.6054330336735, diagonal, 2011-03-18, 1442
1370, 1577.6063892934312, diagonal, 2011-03-18, 1442
1371, 1577.6074247206634, diagonal, 2011-03-18, 1442
1372, 1420.4163705995218, diagonal, 2011-03-18, 1450
1373, 1418.7509212019131, diagonal, 2011-03-18, 1455
1374, 1418.751350372959, diagonal, 2011-03-18, 1455
1375, 1418.7569139713967, diagonal, 2011-03-18, 1455
1376, 1418.758949408833, diagonal, 2011-03-18, 1455
1377, 1418.7621984003188, diagonal, 2011-03-18, 1455
1396, 3993.5270982416773, pulse, 2011-03-18, 1467
1378, 1418.7654140581312, broadband, 2011-03-18, 1455
1411, 3993.5747094570947, pulse, 2011-03-18, 1467
1379, 1418.7677109565689, broadband, 2011-03-18, 1455
1383, 1418.7711516166773, broadband, 2011-03-18, 1455
1380, 1418.7680526267218, squiggle, 2011-03-18, 1455
1390, 1416.0398801101403, modulation, 2011-03-18, 1457
1393, 1416.0866892463168, diagonal, 2011-03-18, 1457
1401, 3993.5366565262434, pulse, 2011-03-18, 1467
1381, 1418.7683036709502, pulse, 2011-03-18, 1455
1384, 1418.7719297496174, broadband, 2011-03-18, 1455
1405, 3993.554980391087, pulse, 2011-03-18, 1467
1382, 1418.77021827382, broadband, 2011-03-18, 1455
1403, 3993.5466460586094, pulse, 2011-03-18, 1467
1404, 3993.5473200135043, pulse, 2011-03-18, 1467
1385, 1418.7727443412628, broadband, 2011-03-18, 1455
1397, 3993.5283732351722, pulse, 2011-03-18, 1467
1398, 3993.531014888361, pulse, 2011-03-18, 1467
1386, 1418.7756787462054, broadband, 2011-03-18, 1455
1387, 1418.7790766975447, pulse, 2011-03-18, 1455
1389, 1416.0335249342315, unknown, 2011-03-18, 1457
1407, 3993.56622304206, pulse, 2011-03-18, 1467
1412, 3993.5788292277425, pulse, 2011-03-18, 1467
1388, 1418.7833579912308, broadband, 2011-03-18, 1455
1391, 1416.0445030032206, unknown, 2011-03-18, 1457
1399, 3993.533794040848, pulse, 2011-03-18, 1467
1406, 3993.5570147557078, pulse, 2011-03-18, 1467
1392, 1416.0469029909757, unknown, 2011-03-18, 1457
1409, 3993.570410520695, pulse, 2011-03-18, 1467
1394, 1575.7735125072704, diagonal, 2011-03-18, 1465
1395, 1430.9569302688935, pulse, 2011-03-18, 1466
1400, 3993.535202366996, pulse, 2011-03-18, 1467
1402, 3993.5420908735173, pulse, 2011-03-18, 1467
1408, 3993.569226151738, pulse, 2011-03-18, 1467
1410, 3993.5731073819356, pulse, 2011-03-18, 1467
1413, 3993.581420881186, pulse, 2011-03-18, 1467
1414, 1418.8939123220505, broadband, 2011-03-19, 1471
1415, 1418.8957029379146, squiggle, 2011-03-19, 1471
1416, 1418.8965029338328, diagonal, 2011-03-19, 1471
1417, 1418.8978362603636, unknown, 2011-03-19, 1471
1418, 1418.898902921588, unknown, 2011-03-19, 1471
1419, 1418.8999695828124, modulation, 2011-03-19, 1471
1420, 1418.901036244037, diagonal, 2011-03-19, 1471
1421, 1418.9026362358738, diagonal, 2011-03-19, 1471
1422, 1418.905036223629, diagonal, 2011-03-19, 1471
1423, 1418.9058362195472, modulation, 2011-03-19, 1471
1424, 1418.9069028807717, modulation, 2011-03-19, 1471
1425, 1418.9087695379146, diagonal, 2011-03-19, 1471
1426, 1418.911969521588, radar, 2011-03-19, 1471
1427, 1418.9266361134248, unknown, 2011-03-19, 1471
1428, 1418.9277027746493, diagonal, 2011-03-19, 1471
1429, 1418.929302766486, squiggle, 2011-03-19, 1471
1430, 1418.9306360930166, diagonal, 2011-03-19, 1471
1431, 8423.430451686303, squiggle, 2011-03-19, 1486
1432, 1422.7639685909758, unknown, 2011-03-19, 1487
1433, 1422.767498781298, unknown, 2011-03-19, 1487
1434, 1422.7746352032207, diagonal, 2011-03-19, 1487
1435, 1422.793437190625, unknown, 2011-03-19, 1487
1436, 8420.24743630118, pulse, 2011-03-19, 1489
1437, 3991.961169064445, modulation, 2011-03-19, 1490
1438, 3991.961169064445, modulation, 2011-03-19, 1490
1439, 3693.7176620172036, diagonal, 2011-03-19, 1492
1440, 3990.847303080772, modulation, 2011-03-19, 1499
1441, 4462.260769362404, diagonal, 2011-03-19, 1507
1442, 4462.26450267669, diagonal, 2011-03-19, 1507
1443, 3991.4354875070153, modulation, 2011-03-19, 1511
1444, 3991.4380000326532, modulation, 2011-03-19, 1511
1445, 3991.4419688231505, modulation, 2011-03-19, 1511
1446, 3991.4441021782527, squiggle, 2011-03-19, 1511
1447, 3991.4454355251914, modulation, 2011-03-19, 1511
1448, 6667.715307051084, broadband, 2011-03-19, 1518
1449, 1431.8288329037468, diagonal, 2011-03-19, 1523
1450, 1431.8420380447067, diagonal, 2011-03-19, 1523
1451, 1431.8577598394932, diagonal, 2011-03-19, 1523
1452, 1431.8735118424586, diagonal, 2011-03-19, 1523
1453, 3994.1242971530774, pulse, 2011-03-19, 1527
1454, 3994.1255711049107, pulse, 2011-03-19, 1527
1455, 3990.849807234662, modulation, 2011-03-19, 1499
1456, 3990.851067644898, modulation, 2011-03-19, 1499
1457, 3990.8535863820475, modulation, 2011-03-19, 1499
1458, 3990.856162410571, modulation, 2011-03-19, 1499
1459, 3990.863720705341, modulation, 2011-03-19, 1499
1460, 3990.866297775526, modulation, 2011-03-19, 1499
1461, 3990.868788387819, modulation, 2011-03-19, 1499
1462, 3990.8700769229117, modulation, 2011-03-19, 1499
1463, 3990.8713644163427, modulation, 2011-03-19, 1499
1464, 3990.8726362848533, broadband, 2011-03-19, 1499
1465, 3990.873856070297, broadband, 2011-03-19, 1499
1466, 3990.8751435637278, modulation, 2011-03-19, 1499
1467, 3990.8764320988203, modulation, 2011-03-19, 1499
1468, 3990.87770292567, modulation, 2011-03-19, 1499
1469, 3990.8802112462054, modulation, 2011-03-19, 1499
1470, 3990.881499781298, modulation, 2011-03-19, 1499
1471, 3990.8827695664863, modulation, 2011-03-19, 1499
1472, 3990.8840758098218, modulation, 2011-03-19, 1499
1473, 3990.8840758098218, modulation, 2011-03-19, 1499
1474, 3990.885278928683, modulation, 2011-03-19, 1499
1475, 3990.8878362073024, modulation, 2011-03-19, 1499
1476, 3990.8891434922994, modulation, 2011-03-19, 1499
1477, 3990.8891434922994, modulation, 2011-03-19, 1499
1478, 3990.890432027392, modulation, 2011-03-19, 1499
1479, 3990.891634104592, modulation, 2011-03-19, 1499
1480, 3990.892902848119, modulation, 2011-03-19, 1499
1481, 3990.895413251977, modulation, 2011-03-19, 1499
1482, 3990.898000738776, modulation, 2011-03-19, 1499
1483, 3990.8993028154655, broadband, 2011-03-19, 1499
1484, 3990.9017340530613, modulation, 2011-03-19, 1499
1485, 3990.906800693878, modulation, 2011-03-19, 1499
1486, 3991.3881335714286, diagonal, 2011-03-20, 1533
1487, 3991.4312208515944, unknown, 2011-03-20, 1533
1488, 1573.4864777482462, broadband, 2011-03-20, 1554
1489, 1573.48743607669, diagonal, 2011-03-20, 1554
1490, 1573.4885027379146, diagonal, 2011-03-20, 1554
1491, 1573.4894839829083, diagonal, 2011-03-20, 1554
1492, 1573.4894839829083, diagonal, 2011-03-20, 1554
1493, 1573.4903693950573, broadband, 2011-03-20, 1554
1494, 1573.4925027175063, diagonal, 2011-03-20, 1554
1495, 1573.4935204206474, diagonal, 2011-03-20, 1554
1496, 1573.4943693746493, diagonal, 2011-03-20, 1554
1497, 1573.4954360358738, diagonal, 2011-03-20, 1554
1498, 1573.4965026970983, broadband, 2011-03-20, 1554
1499, 1573.497333942857, broadband, 2011-03-20, 1554
1500, 1573.498369354241, diagonal, 2011-03-20, 1554
1501, 1573.4994360154656, diagonal, 2011-03-20, 1554
1502, 1573.50050267669, diagonal, 2011-03-20, 1554
1503, 1573.5015693379146, diagonal, 2011-03-20, 1554
1504, 1573.502538082972, diagonal, 2011-03-20, 1554
1505, 1573.5034359950573, diagonal, 2011-03-20, 1554
1506, 1573.5045026562818, broadband, 2011-03-20, 1554
1507, 1573.5045026562818, diagonal, 2011-03-20, 1554
1520, 1573.5125026154656, broadband, 2011-03-20, 1554
1536, 1573.524502554241, diagonal, 2011-03-20, 1554
1508, 1573.5055693175063, diagonal, 2011-03-20, 1554
1524, 1573.5154359338328, broadband, 2011-03-20, 1554
1529, 1573.5205025746493, diagonal, 2011-03-20, 1554
1542, 1573.5285025338328, broadband, 2011-03-20, 1554
1548, 1573.5314358522003, diagonal, 2011-03-20, 1554
1554, 1573.535435831792, diagonal, 2011-03-20, 1554
1561, 1422.474920107382, diagonal, 2011-03-20, 1563
1509, 1573.5055693175063, broadband, 2011-03-20, 1554
1510, 1573.5064005632653, diagonal, 2011-03-20, 1554
1514, 1573.5095692970983, diagonal, 2011-03-20, 1554
1515, 1573.510400542857, broadband, 2011-03-20, 1554
1517, 1573.511435954241, diagonal, 2011-03-20, 1554
1527, 1573.5194359134248, diagonal, 2011-03-20, 1554
1535, 1573.5234358930165, diagonal, 2011-03-20, 1554
1539, 1573.5255692154656, diagonal, 2011-03-20, 1554
1543, 1573.5285025338328, diagonal, 2011-03-20, 1554
1555, 1573.5365024930165, broadband, 2011-03-20, 1554
1562, 1422.475322188664, broadband, 2011-03-20, 1563
1565, 1422.480577370185, diagonal, 2011-03-20, 1563
1572, 1418.358486822481, diagonal, 2011-03-20, 1568
1511, 1573.5064005632653, broadband, 2011-03-20, 1554
1512, 1573.5074359746493, diagonal, 2011-03-20, 1554
1522, 1573.5143692726085, broadband, 2011-03-20, 1554
1531, 1573.5215202777902, diagonal, 2011-03-20, 1554
1552, 1573.5335691746493, diagonal, 2011-03-20, 1554
1567, 1422.483554438329, radar, 2011-03-20, 1563
1573, 1418.3596857930486, squiggle, 2011-03-20, 1568
1513, 1573.5074359746493, broadband, 2011-03-20, 1554
1518, 1573.511435954241, broadband, 2011-03-20, 1554
1525, 1573.518514043128, diagonal, 2011-03-20, 1554
1547, 1573.5314358522003, broadband, 2011-03-20, 1554
1516, 1573.510400542857, diagonal, 2011-03-20, 1554
1551, 1573.5335691746493, broadband, 2011-03-20, 1554
1560, 1422.474061778428, unknown, 2011-03-20, 1563
1563, 1422.4776284268974, radar, 2011-03-20, 1563
1519, 1573.5125026154656, diagonal, 2011-03-20, 1554
1559, 1422.4730565752234, modulation, 2011-03-20, 1563
1564, 1422.4778982171877, diagonal, 2011-03-20, 1563
1569, 3993.2068479987884, modulation, 2011-03-20, 1566
1575, 1417.5579428619899, broadband, 2011-03-20, 1577
1521, 1573.5143692726085, diagonal, 2011-03-20, 1554
1544, 1573.5294212791455, diagonal, 2011-03-20, 1554
1556, 3991.0476009755102, unknown, 2011-03-20, 1556
1557, 3991.0525926167093, unknown, 2011-03-20, 1556
1523, 1573.5154359338328, diagonal, 2011-03-20, 1554
1540, 1573.5274358726085, broadband, 2011-03-20, 1554
1546, 1573.5303691909758, diagonal, 2011-03-20, 1554
1566, 1422.4819700714127, diagonal, 2011-03-20, 1563
1568, 1422.4867356720983, diagonal, 2011-03-20, 1563
1571, 1418.3582836954083, broadband, 2011-03-20, 1568
1574, 1417.5131455298788, broadband, 2011-03-20, 1577
1526, 1573.518514043128, broadband, 2011-03-20, 1554
1528, 1573.5194359134248, broadband, 2011-03-20, 1554
1530, 1573.5205025746493, broadband, 2011-03-20, 1554
1532, 1573.5215202777902, broadband, 2011-03-20, 1554
1533, 1573.522369231792, diagonal, 2011-03-20, 1554
1534, 1573.5234358930165, broadband, 2011-03-20, 1554
1538, 1573.5255692154656, broadband, 2011-03-20, 1554
1541, 1573.5274358726085, diagonal, 2011-03-20, 1554
1545, 1573.5303691909758, broadband, 2011-03-20, 1554
1549, 1573.5325025134248, broadband, 2011-03-20, 1554
1550, 1573.5325025134248, diagonal, 2011-03-20, 1554
1553, 1573.5344004204082, diagonal, 2011-03-20, 1554
1537, 1573.524502554241, broadband, 2011-03-20, 1554
1558, 1422.4725597027584, pulse, 2011-03-20, 1563
1570, 1418.3570149324619, squiggle, 2011-03-20, 1568
1576, 3692.654103068527, modulation, 2011-03-21, 1585
1577, 3692.664599889971, modulation, 2011-03-21, 1585
1578, 3692.688734141837, squiggle, 2011-03-21, 1585
1579, 3692.689569554241, modulation, 2011-03-21, 1585
1580, 3692.6901945510526, modulation, 2011-03-21, 1585
1581, 3692.6906362154655, pulse, 2011-03-21, 1585
1582, 3692.6925028726087, broadband, 2011-03-21, 1585
1583, 3692.715702754241, modulation, 2011-03-21, 1585
1584, 1420.7714354236289, broadband, 2011-03-21, 1586
1585, 1427.971861877328, broadband, 2011-03-21, 1588
1586, 1427.9761504627552, squiggle, 2011-03-21, 1588
1587, 1427.984657841231, broadband, 2011-03-21, 1588
1588, 1427.9863953589604, unknown, 2011-03-21, 1588
1589, 1427.9931902199617, broadband, 2011-03-21, 1588
1590, 1428.0038632455357, broadband, 2011-03-21, 1588
1591, 1428.0081143305804, unknown, 2011-03-21, 1588
1592, 1428.0273197348852, broadband, 2011-03-21, 1588
1593, 1574.4666360807717, diagonal, 2011-03-21, 1598
1594, 1574.468533987755, diagonal, 2011-03-21, 1598
1595, 1574.4765026970983, diagonal, 2011-03-21, 1598
1596, 1574.48050267669, diagonal, 2011-03-21, 1598
1597, 1574.4874338913266, diagonal, 2011-03-21, 1598
1598, 1574.4894953391422, diagonal, 2011-03-21, 1598
1599, 1574.5303784638872, diagonal, 2011-03-21, 1598
1600, 1423.0607555350925, modulation, 2011-03-21, 1611
1601, 1423.0617857381696, modulation, 2011-03-21, 1611
1602, 1423.0607555350925, radar, 2011-03-21, 1611
1603, 1423.0705461101404, modulation, 2011-03-21, 1611
1604, 1577.6683263706154, diagonal, 2011-03-21, 1602
1605, 3988.5625340244897, unknown, 2011-03-21, 1619
1606, 3988.586000930612, unknown, 2011-03-21, 1619
1607, 3988.5937030925384, unknown, 2011-03-21, 1619
1608, 1422.5479686930166, broadband, 2011-03-21, 1620
1609, 3988.6234346459187, unknown, 2011-03-21, 1619
1610, 1421.0076222711416, unknown, 2011-03-22, 1647
1611, 1420.0523894947862, broadband, 2011-03-22, 1654
1612, 1420.0545290672035, broadband, 2011-03-22, 1654
1613, 3695.008377136161, diagonal, 2011-03-22, 1658
1614, 1419.6286673, squiggle, 2011-03-23, 1682
1615, 1416.9933346163264, squiggle, 2011-03-24, 1728
1616, 1421.8185787893974, diagonal, 2011-03-24, 1753
1617, 1421.8185787893974, diagonal, 2011-03-24, 1753
1618, 1421.8217089817604, diagonal, 2011-03-24, 1753
1619, 1421.820408988393, broadband, 2011-03-24, 1753
1620, 3989.4886384294005, broadband, 2011-03-25, 1811
1621, 3989.4887728037147, diagonal, 2011-03-25, 1811
1622, 3989.4954477696588, diagonal, 2011-03-25, 1811
1623, 1418.1102339178572, squiggle, 2011-03-25, 1846
1624, 1418.4879881572067, diagonal, 2011-03-25, 1849
1625, 1421.033067322449, unknown, 2011-03-26, 1853
1626, 1420.9959690272321, broadband, 2011-03-26, 1853
1627, 1421.0154358925383, unknown, 2011-03-26, 1853
1628, 1420.245302349681, unknown, 2011-03-26, 1860
1629, 1575.642577747736, diagonal, 2011-03-26, 1866
1630, 3988.560395461001, broadband, 2011-03-26, 1872
1631, 1420.925333555102, diagonal, 2011-03-27, 1874
1632, 1420.9357335020409, modulation, 2011-03-27, 1874
1633, 3694.387702223629, diagonal, 2011-03-27, 1875
1634, 3694.3885022195473, diagonal, 2011-03-27, 1875
1635, 1418.6039692680486, pulse, 2011-03-27, 1877
1636, 1418.6103693333546, diagonal, 2011-03-27, 1877
1637, 1418.6365341836733, squiggle, 2011-03-27, 1877
1638, 1417.9047693828124, diagonal, 2011-03-27, 1879
1639, 1417.9149026644452, unknown, 2011-03-27, 1879
1640, 1417.932235909343, diagonal, 2011-03-27, 1879
1641, 3989.3520360430166, unknown, 2011-03-27, 1881
1642, 3989.3618266180642, unknown, 2011-03-27, 1881
1643, 3989.365949513696, unknown, 2011-03-27, 1881
1644, 3989.3684401259884, unknown, 2011-03-27, 1881
1645, 3989.3710671959184, unknown, 2011-03-27, 1881
1646, 3989.378660907175, unknown, 2011-03-27, 1881
1647, 3989.38244005456, unknown, 2011-03-27, 1881
1648, 3992.4153333387753, modulation, 2011-03-27, 1883
1649, 3992.4158645941966, modulation, 2011-03-27, 1883
1650, 3992.4170583563778, modulation, 2011-03-27, 1883
1651, 3992.4183198275828, modulation, 2011-03-27, 1883
1652, 3992.4194760893815, pulse, 2011-03-27, 1883
1653, 1578.1904996704081, diagonal, 2011-03-27, 1884
1654, 1419.7413025578444, unknown, 2011-03-28, 1887
1655, 1419.7495693088647, diagonal, 2011-03-28, 1887
1656, 3988.4979697338326, modulation, 2011-03-28, 1888
1657, 3988.499303060363, modulation, 2011-03-28, 1888
1658, 3988.5004009714285, modulation, 2011-03-28, 1888
1659, 3988.5017030481185, modulation, 2011-03-28, 1888
1660, 3988.5156008938775, modulation, 2011-03-28, 1888
1661, 3988.5169029705676, modulation, 2011-03-28, 1888
1662, 3988.5195696236287, modulation, 2011-03-28, 1888
1663, 3988.520636284853, unknown, 2011-03-28, 1888
1664, 3991.5017308668525, diagonal, 2011-03-29, 1902
1665, 3991.5082933333706, squiggle, 2011-03-29, 1902
1666, 1423.263178204667, squiggle, 2011-03-29, 1905
1667, 1575.2505496228794, broadband, 2011-03-29, 1903
1668, 4460.444557128794, unknown, 2011-03-29, 1910
1669, 1418.3601420477041, broadband, 2011-03-29, 1913
1670, 1418.3636566669006, diagonal, 2011-03-29, 1913
1671, 1421.2312006612244, squiggle, 2011-03-30, 1948
1672, 1421.2325027379145, broadband, 2011-03-30, 1948
1673, 1421.2336558570312, broadband, 2011-03-30, 1948
1674, 1421.2357162631854, broadband, 2011-03-30, 1948
1675, 1421.2380360430166, broadband, 2011-03-30, 1948
1676, 1421.2333027338327, unknown, 2011-03-30, 1948
1677, 1421.2592005183672, modulation, 2011-03-30, 1948
1678, 1421.273600444898, diagonal, 2011-03-30, 1948
1679, 1421.2845024726084, squiggle, 2011-03-30, 1948
1680, 1422.6047684435587, radar, 2011-03-30, 1971
1681, 3988.2506689539064, broadband, 2011-03-30, 1972
1682, 1419.046207234662, unknown, 2011-03-30, 1973
1683, 8419.18560130204, unknown, 2011-03-30, 1974
1684, 1421.8107885782845, diagonal, 2011-03-30, 1978
1685, 1420.8997027134249, diagonal, 2011-03-30, 1979
1686, 1420.9050360195472, diagonal, 2011-03-30, 1979
1687, 1420.9114672367348, diagonal, 2011-03-30, 1979
1688, 4465.114902133832, unknown, 2011-03-31, 1984
1689, 1417.9750254512755, pulse, 2011-03-31, 1987
1690, 8422.054369415466, diagonal, 2011-03-31, 1989
1691, 8422.059969386893, squiggle, 2011-03-31, 1989
1692, 3993.396878114397, modulation, 2011-04-02, 2001
1693, 3993.3994562262437, modulation, 2011-04-02, 2001
1694, 1419.7958176512755, modulation, 2011-04-02, 2007
1695, 1417.9031329328284, diagonal, 2011-04-03, 2008
1696, 1417.9037923044643, diagonal, 2011-04-03, 2008
1697, 1417.9070089547195, diagonal, 2011-04-03, 2008
1698, 1417.9084787388872, diagonal, 2011-04-03, 2008
1699, 3991.3718971959343, pulse, 2011-04-03, 2013
1700, 1420.7065286386319, pulse, 2011-04-04, 2021
1701, 1420.0290435030133, diagonal, 2011-04-04, 2025
1702, 1420.030785160794, diagonal, 2011-04-04, 2025
1703, 1420.035903884678, modulation, 2011-04-04, 2025
1704, 1422.7309221621333, modulation, 2011-04-04, 2026
1705, 1574.9238826292412, diagonal, 2011-04-04, 2028
